--------------------------------------------------------------
-- Real Building Upgrades
-- Author: Infixo
-- Mar 20th, 2017 - Version 1 created
-- Aug 2nd, 2017 - Version 1.3, fix for summer patch
-- Sep 10th, 2017 - Version 1.3.1, tech fix for column names
-- Sep 18th, 2017 - Version 1.4, fix for Aztecs DLC
-- Nov 13th, 2017 - Version 1.5, fix for Apadana crash
-- 2018-03-04: Added Dar-e Mehr and Stupa
-- 2018-03-05: Removed all EnabledByReligion=1 Upgrades (game only allows for 1), removed Apadana fix (no longer necessary)
--             Added Basilikoi Paides and Prasat, some tweaks
-- 2018-03-26: Version 3.0, major updates to many upgrades, new file format (each building is changed separately)
--------------------------------------------------------------

-- Version 1.5 Fix for Apadana crash; 2018-03-05 no longer necessary (tested)
--UPDATE Buildings SET AdjacentCapital = 0 WHERE BuildingType = 'BUILDING_APADANA';

-- first, some balance fixes
-- Research Lab 5->6, so later Upgrade can get 3; cost increased proportionally by 15%
--UPDATE Building_YieldChanges SET YieldChange = 6 WHERE BuildingType = 'BUILDING_RESEARCH_LAB' AND YieldType = 'YIELD_SCIENCE';
--UPDATE Buildings SET Cost = Cost * (115/100) WHERE BuildingType = 'BUILDING_RESEARCH_LAB';

-- The AI doesn't want to build Stables, but builds loads of Barracks probably because they are available
-- earlier and are cheaper; so lets make them comparable
UPDATE Buildings
SET Cost = (SELECT Cost FROM Buildings WHERE BuildingType = 'BUILDING_STABLE'),
	PrereqTech = 'TECH_IRON_WORKING'
WHERE BuildingType = 'BUILDING_BARRACKS';

--------------------------------------------------------------
-- Table with new parameters for buildings - the rest will be default
--------------------------------------------------------------
CREATE TABLE RBUConfig (
	BType	TEXT	NOT NULL,  	-- BuildingType
	PTech	TEXT,  				-- PrereqTech
	PCivic	TEXT,  				-- PrereqCivic
	UCost	INTEGER	NOT NULL,
	PDist	TEXT	NOT NULL,  	-- PrereqDistrict
	UMain	INTEGER NOT NULL DEFAULT 0, -- Maintenance
	Advis	TEXT,  				-- AdvisorType
	PRIMARY KEY (BType)
);

INSERT INTO RBUConfig (BType, PTech, PCivic, UCost, PDist, UMain, Advis)
VALUES  -- generated from Excel
('AIRPORT','TELECOMMUNICATIONS',NULL,480,'AERODROME',3,'CONQUEST'),
('AMPHITHEATER',NULL,'RECORDED_HISTORY',90,'THEATER',1,'CULTURE'),
('ARENA',NULL,'MILITARY_TRAINING',90,'ENTERTAINMENT_COMPLEX',1,'GENERIC'),
('ARMORY','GUNPOWDER',NULL,155,'ENCAMPMENT',3,'CONQUEST'),
('BANK','SCIENTIFIC_THEORY',NULL,230,'COMMERCIAL_HUB',0,'GENERIC'),
('BARRACKS','ENGINEERING',NULL,70,'ENCAMPMENT',1,'CONQUEST'),
('BASILIKOI_PAIDES','ENGINEERING',NULL,55,'ENCAMPMENT',1,'CONQUEST'),
('BROADCAST_CENTER','COMPUTERS',NULL,580,'THEATER',4,'CULTURE'),
('CASTLE','PRINTING',NULL,180,'CITY_CENTER',1,'GENERIC'),
--('CATHEDRAL',NULL,'REFORMED_CHURCH',150,'HOLY_SITE',0,NULL),
--('DAR_E_MEHR',NULL,'REFORMED_CHURCH',150,'HOLY_SITE',0,NULL),
('ELECTRONICS_FACTORY','STEAM_POWER',NULL,310,'INDUSTRIAL_ZONE',3,'GENERIC'),
('FACTORY','STEAM_POWER',NULL,310,'INDUSTRIAL_ZONE',3,'GENERIC'),
('FILM_STUDIO','COMPUTERS',NULL,580,'THEATER',4,'CULTURE'),
('GRANARY','IRRIGATION',NULL,40,'CITY_CENTER',1,'GENERIC'),
--('GURDWARA',NULL,'REFORMED_CHURCH',150,'HOLY_SITE',0,NULL),
('HANGAR','RADIO',NULL,280,'AERODROME',1,'CONQUEST'),
('LIBRARY','CURRENCY',NULL,55,'CAMPUS',1,'TECHNOLOGY'),
('LIGHTHOUSE','SHIPBUILDING',NULL,70,'HARBOR',1,'GENERIC'),
('MADRASA',NULL,'DIVINE_RIGHT',200,'CAMPUS',3,'TECHNOLOGY'),
('MARKET','MATHEMATICS',NULL,70,'COMMERCIAL_HUB',0,'GENERIC'),
--('MEETING_HOUSE',NULL,'REFORMED_CHURCH',150,'HOLY_SITE',0,NULL),
('MILITARY_ACADEMY','RIFLING',NULL,390,'ENCAMPMENT',3,'CONQUEST'),
('MONUMENT','WRITING',NULL,35,'CITY_CENTER',1,'CULTURE'),
--('MOSQUE',NULL,'REFORMED_CHURCH',150,'HOLY_SITE',0,NULL),
('MUSEUM_ART',NULL,'THE_ENLIGHTENMENT',230,'THEATER',0,'CULTURE'),
('MUSEUM_ARTIFACT',NULL,'THE_ENLIGHTENMENT',230,'THEATER',0,'CULTURE'),
--('PAGODA',NULL,'REFORMED_CHURCH',150,'HOLY_SITE',0,NULL),
('PALACE',NULL,'CODE_OF_LAWS',150,'CITY_CENTER',0,'GENERIC'),
('POWER_PLANT','COMPUTERS',NULL,580,'INDUSTRIAL_ZONE',4,'GENERIC'),
('PRASAT',NULL,'DIVINE_RIGHT',95,'HOLY_SITE',3,'RELIGIOUS'),
('RESEARCH_LAB','NUCLEAR_FISSION',NULL,580,'CAMPUS',4,'TECHNOLOGY'),
('SEAPORT','COMPUTERS',NULL,580,'HARBOR',0,'GENERIC'),
('SEWER','CHEMISTRY',NULL,160,'CITY_CENTER',3,'GENERIC'),
('SHIPYARD','SQUARE_RIGGING',NULL,230,'HARBOR',3,'GENERIC'),
('SHRINE','CELESTIAL_NAVIGATION',NULL,40,'HOLY_SITE',1,'RELIGIOUS'),
('STABLE','CONSTRUCTION',NULL,70,'ENCAMPMENT',1,'CONQUEST'),
('STADIUM',NULL,'SOCIAL_MEDIA',660,'ENTERTAINMENT_COMPLEX',4,'GENERIC'),
('STAR_FORT','BALLISTICS',NULL,305,'CITY_CENTER',1,'GENERIC'),
('STAVE_CHURCH',NULL,'DIVINE_RIGHT',95,'HOLY_SITE',3,'RELIGIOUS'),
('STOCK_EXCHANGE','COMPUTERS',NULL,390,'COMMERCIAL_HUB',0,'GENERIC'),
--('STUPA',NULL,'REFORMED_CHURCH',150,'HOLY_SITE',0,NULL),
('SUKIENNICE','MATHEMATICS',NULL,70,'COMMERCIAL_HUB',0,NULL),
--('SYNAGOGUE',NULL,'REFORMED_CHURCH',150,'HOLY_SITE',0,NULL),
('TEMPLE',NULL,'DIVINE_RIGHT',95,'HOLY_SITE',3,'RELIGIOUS'),
('TLACHTLI',NULL,'MILITARY_TRAINING',80,'ENTERTAINMENT_COMPLEX',1,NULL),
('UNIVERSITY','PRINTING',NULL,200,'CAMPUS',3,'TECHNOLOGY'),
('WALLS','CONSTRUCTION',NULL,50,'CITY_CENTER',1,'GENERIC'),
--('WAT',NULL,'REFORMED_CHURCH',150,'HOLY_SITE',0,NULL),
('WATER_MILL','ENGINEERING',NULL,50,'CITY_CENTER',1,'GENERIC'),
('WORKSHOP','EDUCATION',NULL,115,'INDUSTRIAL_ZONE',1,'GENERIC'),
('ZOO',NULL,'CONSERVATION',355,'ENTERTAINMENT_COMPLEX',0,'GENERIC');

-- DLC: Poland - remove upgrade if base building is not there
DELETE FROM RBUConfig
WHERE BType = 'SUKIENNICE' AND NOT EXISTS (SELECT * FROM Buildings WHERE BuildingType = 'BUILDING_SUKIENNICE');

-- DLC: Aztecs - remove upgrade if base building is not there
DELETE FROM RBUConfig
WHERE BType = 'TLACHTLI' AND NOT EXISTS (SELECT * FROM Buildings WHERE BuildingType = 'BUILDING_TLACHTLI');

-- DLC: Macedon - remove upgrade if base building is not there
DELETE FROM RBUConfig
WHERE BType = 'BASILIKOI_PAIDES' AND NOT EXISTS (SELECT * FROM Buildings WHERE BuildingType = 'BUILDING_BASILIKOI_PAIDES');

-- DLC: Khmer - remove upgrade if base building is not there
DELETE FROM RBUConfig
WHERE BType = 'PRASAT' AND NOT EXISTS (SELECT * FROM Buildings WHERE BuildingType = 'BUILDING_PRASAT');

--------------------------------------------------------------
-- BUILDINGS
--------------------------------------------------------------

-- New building Types	
INSERT INTO Types(Type, Kind)
SELECT 'BUILDING_'||BType||'_UPGRADE', 'KIND_BUILDING'
FROM RBUConfig;

-- New buildings
INSERT INTO Buildings
	(BuildingType, Name, PrereqTech, PrereqCivic, Cost, MaxPlayerInstances, MaxWorldInstances, Capital, PrereqDistrict, AdjacentDistrict, Description, 
	RequiresPlacement, RequiresRiver, OuterDefenseHitPoints, Housing, Entertainment, AdjacentResource, Coast, 
	EnabledByReligion, AllowsHolyCity, PurchaseYield, MustPurchase, Maintenance, IsWonder, TraitType, OuterDefenseStrength, CitizenSlots, 
	MustBeLake, MustNotBeLake, RegionalRange, AdjacentToMountain, ObsoleteEra, RequiresReligion,
	GrantFortification, DefenseModifier, InternalOnly, RequiresAdjacentRiver, Quote, QuoteAudio, MustBeAdjacentLand,
	AdvisorType, AdjacentCapital, AdjacentImprovement, CityAdjacentTerrain)
SELECT
	'BUILDING_'||BType||'_UPGRADE',
	'LOC_BUILDING_'||BType||'_UPGRADE_NAME',
	CASE WHEN PTech IS NULL THEN NULL ELSE 'TECH_'||PTech END,
	CASE WHEN PCivic IS NULL THEN NULL ELSE 'CIVIC_'||PCivic END,
	UCost, -1, -1, 0,  -- Cost, MaxPlayerInstances, MaxWorldInstances, Capital (PALACE!)
	'DISTRICT_'||PDist, NULL,
	'LOC_BUILDING_'||BType||'_UPGRADE_DESCRIPTION',
	0, 0, NULL, 0, 0, NULL, NULL, -- RequiresPlacement, RequiresRiver, OuterDefenseHitPoints, Housing, Entertainment, AdjacentResource, Coast
	0, 0, -- EnabledByReligion, AllowsHolyCity, 
	'YIELD_GOLD', 0,  -- PurchaseYield, MustPurchase
	UMain, 0, NULL, 0, NULL,  -- Maintenance, IsWonder, TraitType, OuterDefenseStrength, CitizenSlots
	0, 0, 0, 0, 'NO_ERA', 0,  -- MustBeLake, MustNotBeLake, RegionalRange, AdjacentToMountain, ObsoleteEra, RequiresReligion
	0, 0, 0, 0, NULL, NULL, 0,  -- GrantFortification, DefenseModifier, InternalOnly, RequiresAdjacentRiver, Quote, QuoteAudio, MustBeAdjacentLand
	CASE WHEN Advis IS NULL THEN NULL ELSE 'ADVISOR_'||Advis END, 0, NULL,  -- AdvisorType, AdjacentCapital, AdjacentImprovement
	NULL  -- CityAdjacentTerrain [Version 1.1, fix for summer patch]
FROM RBUConfig;

-- Palace Upgrade
UPDATE Buildings
SET MaxPlayerInstances = 1, PurchaseYield = NULL  --, Capital = 1
WHERE BuildingType = 'BUILDING_PALACE_UPGRADE';

-- Defensive buildings (walls)
UPDATE Buildings
SET PurchaseYield = NULL, OuterDefenseHitPoints = 25, OuterDefenseStrength = 1
WHERE BuildingType IN (
	'BUILDING_CASTLE_UPGRADE',
	'BUILDING_STAR_FORT_UPGRADE',
	'BUILDING_WALLS_UPGRADE');

-- Buildings with Regional Effects
UPDATE Buildings
SET RegionalRange = 6
WHERE BuildingType IN (
	-- standard building upgrades
	'BUILDING_ELECTRONICS_FACTORY_UPGRADE',
	'BUILDING_FACTORY_UPGRADE',
	'BUILDING_POWER_PLANT_UPGRADE',
	--'BUILDING_SHRINE_UPGRADE',
	'BUILDING_STADIUM_UPGRADE',
	'BUILDING_ZOO_UPGRADE',
	-- unique features of Level 3 Upgrades
	'BUILDING_STOCK_EXCHANGE_UPGRADE');

-- Buildings that add Housing
UPDATE Buildings SET Housing = 1
WHERE BuildingType IN (
	'BUILDING_ELECTRONICS_FACTORY_UPGRADE',
	'BUILDING_FACTORY_UPGRADE',
	'BUILDING_MILITARY_ACADEMY_UPGRADE',
	'BUILDING_SEWER_UPGRADE',
	'BUILDING_STAR_FORT_UPGRADE',
	'BUILDING_WORKSHOP_UPGRADE');
UPDATE Buildings SET Housing = 2
WHERE BuildingType IN (
	'BUILDING_AIRPORT_UPGRADE');

-- Buildings that add Amenities
UPDATE Buildings
SET Entertainment = 1
WHERE BuildingType IN (
	'BUILDING_AIRPORT_UPGRADE',
	'BUILDING_STADIUM_UPGRADE');
	
-- Buildings enabled by Religion - removed
-- 2018-03-05 Game only allows for 1 such building, so Upgrades cannot be built :(

-- Additonal Food same as Adjacency Bonuses
INSERT INTO Building_YieldDistrictCopies (BuildingType, OldYieldType, NewYieldType) VALUES
('BUILDING_POWER_PLANT_UPGRADE', 'YIELD_PRODUCTION', 'YIELD_GOLD');
--('BUILDING_SEAPORT_UPGRADE', 'YIELD_GOLD', 'YIELD_FOOD');

-- Unique Buildings' Upgrades
-- TraitType will be inserted separately, there are only 5 buildings
UPDATE Buildings SET TraitType = 'TRAIT_CIVILIZATION_BUILDING_ELECTRONICS_FACTORY' WHERE BuildingType = 'BUILDING_ELECTRONICS_FACTORY_UPGRADE';
UPDATE Buildings SET TraitType = 'TRAIT_CIVILIZATION_BUILDING_STAVE_CHURCH'        WHERE BuildingType = 'BUILDING_STAVE_CHURCH_UPGRADE';
UPDATE Buildings SET TraitType = 'TRAIT_CIVILIZATION_BUILDING_TLACHTLI'            WHERE BuildingType = 'BUILDING_TLACHTLI_UPGRADE';
UPDATE Buildings SET TraitType = 'TRAIT_CIVILIZATION_BUILDING_SUKIENNICE'          WHERE BuildingType = 'BUILDING_SUKIENNICE_UPGRADE';
UPDATE Buildings SET TraitType = 'TRAIT_CIVILIZATION_BUILDING_BASILIKOI_PAIDES'    WHERE BuildingType = 'BUILDING_BASILIKOI_PAIDES_UPGRADE';
UPDATE Buildings SET TraitType = 'TRAIT_CIVILIZATION_BUILDING_PRASAT'              WHERE BuildingType = 'BUILDING_PRASAT_UPGRADE';

-- DLC: Poland
INSERT INTO Building_GreatPersonPoints (BuildingType, GreatPersonClassType, PointsPerTurn)
SELECT 'BUILDING_SUKIENNICE_UPGRADE', 'GREAT_PERSON_CLASS_MERCHANT', 1
FROM Buildings
WHERE BuildingType = 'BUILDING_SUKIENNICE';

-- DLC: Macedon
INSERT INTO Building_GreatPersonPoints (BuildingType, GreatPersonClassType, PointsPerTurn)
SELECT 'BUILDING_BASILIKOI_PAIDES_UPGRADE', 'GREAT_PERSON_CLASS_SCIENTIST', 1
FROM Buildings
WHERE BuildingType = 'BUILDING_BASILIKOI_PAIDES';

INSERT INTO BuildingReplaces (CivUniqueBuildingType, ReplacesBuildingType)
SELECT CivUniqueBuildingType||'_UPGRADE', ReplacesBuildingType||'_UPGRADE'
FROM BuildingReplaces
WHERE CivUniqueBuildingType IN (
	'BUILDING_STAVE_CHURCH',
	'BUILDING_ELECTRONICS_FACTORY',
	'BUILDING_TLACHTLI',
	'BUILDING_BASILIKOI_PAIDES',
	'BUILDING_PRASAT',
	'BUILDING_SUKIENNICE');

-- Connect Upgrades to Base Buildings
INSERT INTO BuildingPrereqs (Building, PrereqBuilding)
SELECT 'BUILDING_'||BType||'_UPGRADE', 'BUILDING_'||BType
FROM RBUConfig;

-- 2018-03-05 Mutually exclusive buildings (so they won't appear in production list)
INSERT INTO MutuallyExclusiveBuildings (Building, MutuallyExclusiveBuilding) VALUES
('BUILDING_STABLE_UPGRADE', 'BUILDING_BARRACKS'),
('BUILDING_STABLE_UPGRADE', 'BUILDING_BARRACKS_UPGRADE'),
('BUILDING_BARRACKS_UPGRADE', 'BUILDING_STABLE'),
('BUILDING_BARRACKS_UPGRADE', 'BUILDING_STABLE_UPGRADE');

-- DLC: Macedon
INSERT INTO MutuallyExclusiveBuildings (Building, MutuallyExclusiveBuilding)
SELECT 'BUILDING_BASILIKOI_PAIDES_UPGRADE', 'BUILDING_STABLE'
FROM Buildings
WHERE BuildingType = 'BUILDING_BASILIKOI_PAIDES';
INSERT INTO MutuallyExclusiveBuildings (Building, MutuallyExclusiveBuilding)
SELECT 'BUILDING_BASILIKOI_PAIDES_UPGRADE', 'BUILDING_STABLE_UPGRADE'
FROM Buildings
WHERE BuildingType = 'BUILDING_BASILIKOI_PAIDES';


--------------------------------------------------------------
-- Populate basic parameters (i.e. Yields)
--------------------------------------------------------------

INSERT INTO Building_YieldChanges (BuildingType, YieldType, YieldChange)
VALUES  -- generated from Excel
('BUILDING_AIRPORT_UPGRADE', 'YIELD_PRODUCTION', 2),
('BUILDING_ARENA_UPGRADE', 'YIELD_CULTURE', 2),
('BUILDING_ARMORY_UPGRADE', 'YIELD_CULTURE', 1),
('BUILDING_ARMORY_UPGRADE', 'YIELD_PRODUCTION', 2),
('BUILDING_BANK_UPGRADE', 'YIELD_GOLD', 3),
('BUILDING_BANK_UPGRADE', 'YIELD_SCIENCE', 1),
--('BUILDING_BARRACKS_UPGRADE', 'YIELD_PRODUCTION', 1),
('BUILDING_BROADCAST_CENTER_UPGRADE', 'YIELD_CULTURE', 2),
--('BUILDING_CATHEDRAL_UPGRADE', 'YIELD_FAITH', 2),
--('BUILDING_CATHEDRAL_UPGRADE', 'YIELD_FOOD', 2),
--('BUILDING_DAR_E_MEHR_UPGRADE', 'YIELD_FAITH', 2),
--('BUILDING_DAR_E_MEHR_UPGRADE', 'YIELD_SCIENCE', 2),
('BUILDING_ELECTRONICS_FACTORY_UPGRADE', 'YIELD_PRODUCTION', 2),
('BUILDING_FACTORY_UPGRADE', 'YIELD_PRODUCTION', 1),
('BUILDING_GRANARY_UPGRADE', 'YIELD_FOOD', 2),
--('BUILDING_GURDWARA_UPGRADE', 'YIELD_CULTURE', 1),
--('BUILDING_GURDWARA_UPGRADE', 'YIELD_FAITH', 2),
--('BUILDING_GURDWARA_UPGRADE', 'YIELD_FOOD', 1),
('BUILDING_HANGAR_UPGRADE', 'YIELD_PRODUCTION', 2),
('BUILDING_MARKET_UPGRADE', 'YIELD_GOLD', 2),
--('BUILDING_MEETING_HOUSE_UPGRADE', 'YIELD_FAITH', 2),
--('BUILDING_MEETING_HOUSE_UPGRADE', 'YIELD_PRODUCTION', 1),
--('BUILDING_MEETING_HOUSE_UPGRADE', 'YIELD_SCIENCE', 1),
('BUILDING_MILITARY_ACADEMY_UPGRADE', 'YIELD_CULTURE', 2),
('BUILDING_MILITARY_ACADEMY_UPGRADE', 'YIELD_PRODUCTION', 2),
('BUILDING_MONUMENT_UPGRADE', 'YIELD_CULTURE', 1),
--('BUILDING_MOSQUE_UPGRADE', 'YIELD_FAITH', 2),
--('BUILDING_MOSQUE_UPGRADE', 'YIELD_GOLD', 3),
--('BUILDING_PAGODA_UPGRADE', 'YIELD_CULTURE', 2),
--('BUILDING_PAGODA_UPGRADE', 'YIELD_FAITH', 2),
('BUILDING_PALACE_UPGRADE', 'YIELD_GOLD', 2),
('BUILDING_PALACE_UPGRADE', 'YIELD_PRODUCTION', 1),
('BUILDING_PALACE_UPGRADE', 'YIELD_SCIENCE', 1),
('BUILDING_POWER_PLANT_UPGRADE', 'YIELD_FOOD', 2),
('BUILDING_POWER_PLANT_UPGRADE', 'YIELD_PRODUCTION', 2),
('BUILDING_SHRINE_UPGRADE', 'YIELD_FAITH', 1),
--('BUILDING_STABLE_UPGRADE', 'YIELD_PRODUCTION', 1),
('BUILDING_STAVE_CHURCH_UPGRADE', 'YIELD_FAITH', 1),
('BUILDING_STAVE_CHURCH_UPGRADE', 'YIELD_FOOD', 1),
('BUILDING_STOCK_EXCHANGE_UPGRADE', 'YIELD_GOLD', 3),
('BUILDING_STOCK_EXCHANGE_UPGRADE', 'YIELD_SCIENCE', 2),
--('BUILDING_STUPA_UPGRADE', 'YIELD_FAITH', 2),
--('BUILDING_STUPA_UPGRADE', 'YIELD_CULTURE', 1),
--('BUILDING_STUPA_UPGRADE', 'YIELD_FOOD', 1),
--('BUILDING_SYNAGOGUE_UPGRADE', 'YIELD_FAITH', 2),
--('BUILDING_SYNAGOGUE_UPGRADE', 'YIELD_PRODUCTION', 1),
--('BUILDING_SYNAGOGUE_UPGRADE', 'YIELD_GOLD', 2),
('BUILDING_TEMPLE_UPGRADE', 'YIELD_FAITH', 2),
('BUILDING_TEMPLE_UPGRADE', 'YIELD_FOOD', 1),
--('BUILDING_WAT_UPGRADE', 'YIELD_FAITH', 2),
--('BUILDING_WAT_UPGRADE', 'YIELD_PRODUCTION', 1),
--('BUILDING_WAT_UPGRADE', 'YIELD_SCIENCE', 1),
('BUILDING_WATER_MILL_UPGRADE', 'YIELD_PRODUCTION', 1),
('BUILDING_WORKSHOP_UPGRADE', 'YIELD_PRODUCTION', 1),
('BUILDING_ZOO_UPGRADE', 'YIELD_GOLD', 1);

-- DLC: Poland
INSERT INTO Building_YieldChanges (BuildingType, YieldType, YieldChange)
SELECT 'BUILDING_SUKIENNICE_UPGRADE', 'YIELD_GOLD', 2
FROM Buildings
WHERE BuildingType = 'BUILDING_SUKIENNICE';

-- DLC: Aztecs
INSERT INTO Building_YieldChanges (BuildingType, YieldType, YieldChange)
SELECT 'BUILDING_TLACHTLI_UPGRADE', 'YIELD_FAITH', 1
FROM Buildings
WHERE BuildingType = 'BUILDING_TLACHTLI';
-- DLC: Aztecs
INSERT INTO Building_YieldChanges (BuildingType, YieldType, YieldChange)
SELECT 'BUILDING_TLACHTLI_UPGRADE', 'YIELD_CULTURE', 1
FROM Buildings
WHERE BuildingType = 'BUILDING_TLACHTLI';

-- DLC: Khmer
INSERT INTO Building_YieldChanges (BuildingType, YieldType, YieldChange)
SELECT 'BUILDING_PRASAT_UPGRADE', 'YIELD_FAITH', 2
FROM Buildings
WHERE BuildingType = 'BUILDING_PRASAT';
-- DLC: Khmer
INSERT INTO Building_YieldChanges (BuildingType, YieldType, YieldChange)
SELECT 'BUILDING_PRASAT_UPGRADE', 'YIELD_FOOD', 1
FROM Buildings
WHERE BuildingType = 'BUILDING_PRASAT';


--------------------------------------------------------------
-- MODIFIERS
--------------------------------------------------------------

INSERT INTO BuildingModifiers (BuildingType, ModifierId) VALUES
('BUILDING_ELECTRONICS_FACTORY_UPGRADE', 'ELECTRONICSFACTORYUPGRADE_CULTURE'),
('BUILDING_BARRACKS_UPGRADE', 'BARRACKSUPGRADE_ADDCAMPPRODUCTION'),
('BUILDING_STABLE_UPGRADE', 'STABLEUPGRADE_ADDPASTUREPRODUCTION'),
--('BUILDING_WATER_MILL_UPGRADE', 'WATERMILLUPGRADE_ADDPLANTATIONFOOD'),
('BUILDING_WORKSHOP_UPGRADE', 'WORKSHOPUPGRADE_ADDQUARRYPRODUCTION'),
('BUILDING_STAVE_CHURCH_UPGRADE', 'STAVECHURCHUPGRADE_ADDLUMBERMILLFAITH'),
('BUILDING_STADIUM_UPGRADE', 'STADIUMUPGRADE_BOOST_ALL_TOURISM');

--INSERT INTO Types (Type, Kind)  -- hash value generated automatically
--VALUES ('MODIFIER_XXX_MODIFIER', 'KIND_MODIFIER');

--INSERT INTO DynamicModifiers (ModifierType, CollectionType, EffectType)
--VALUES ('MODIFIER_XXX_MODIFIER', 'COLLECTION_OWNER', 'EFFECT_ADJUST_BUILDING_YIELD_MODIFIER');

-- New requirements
INSERT INTO RequirementSets (RequirementSetId, RequirementSetType) VALUES
('PLOT_HAS_PLANTATION_REQUIREMENTS', 'REQUIREMENTSET_TEST_ALL'),
('PLOT_HAS_LUMBER_MILL_REQUIREMENTS', 'REQUIREMENTSET_TEST_ALL');
	
INSERT INTO RequirementSetRequirements (RequirementSetId, RequirementId) VALUES
('PLOT_HAS_PLANTATION_REQUIREMENTS', 'REQUIRES_PLOT_HAS_PLANTATION'),
('PLOT_HAS_LUMBER_MILL_REQUIREMENTS', 'REQUIRES_PLOT_HAS_LUMBER_MILL');

INSERT INTO Requirements (RequirementId, RequirementType)
VALUES ('REQUIRES_PLOT_HAS_LUMBER_MILL', 'REQUIREMENT_PLOT_IMPROVEMENT_TYPE_MATCHES');
	
INSERT INTO RequirementArguments (RequirementId, Name, Value)
VALUES ('REQUIRES_PLOT_HAS_LUMBER_MILL', 'ImprovementType', 'IMPROVEMENT_LUMBER_MILL');

INSERT INTO Modifiers (ModifierId, ModifierType, RunOnce, Permanent, OwnerRequirementSetId, SubjectRequirementSetId) VALUES
('ELECTRONICSFACTORYUPGRADE_CULTURE', 'MODIFIER_BUILDING_YIELD_CHANGE', 0, 1, 'PLAYER_HAS_ELECTRICITYTECHNOLOGY_REQUIREMENTS', NULL),
('BARRACKSUPGRADE_ADDCAMPPRODUCTION', 'MODIFIER_CITY_PLOT_YIELDS_ADJUST_PLOT_YIELD', 0, 0, NULL, 'PLOT_HAS_CAMP_REQUIREMENTS'),
('STABLEUPGRADE_ADDPASTUREPRODUCTION', 'MODIFIER_CITY_PLOT_YIELDS_ADJUST_PLOT_YIELD', 0, 0, NULL, 'PLOT_HAS_PASTURE_REQUIREMENTS'),
--('WATERMILLUPGRADE_ADDPLANTATIONFOOD', 'MODIFIER_CITY_PLOT_YIELDS_ADJUST_PLOT_YIELD', 0, 0, NULL, 'PLOT_HAS_PLANTATION_REQUIREMENTS'),
('WORKSHOPUPGRADE_ADDQUARRYPRODUCTION', 'MODIFIER_CITY_PLOT_YIELDS_ADJUST_PLOT_YIELD', 0, 0, NULL, 'PLOT_HAS_QUARRY_REQUIREMENTS'),
('STAVECHURCHUPGRADE_ADDLUMBERMILLFAITH', 'MODIFIER_CITY_PLOT_YIELDS_ADJUST_PLOT_YIELD', 0, 0, NULL, 'PLOT_HAS_LUMBER_MILL_REQUIREMENTS'),
('HANGARUPGRADE_BONUS_AIR_SLOTS', 'MODIFIER_PLAYER_DISTRICT_GRANT_AIR_SLOTS', 0, 1, NULL, NULL),
('AIRPORTUPGRADE_BONUS_AIR_SLOTS', 'MODIFIER_PLAYER_DISTRICT_GRANT_AIR_SLOTS', 0, 1, NULL, NULL),
('STADIUMUPGRADE_BOOST_ALL_TOURISM', 'MODIFIER_PLAYER_ADJUST_TOURISM', 0, 0, NULL, NULL);
	
INSERT INTO ModifierArguments (ModifierId, Name, Value) VALUES
-- Electronics Factory Upgrade +2 Culture
('ELECTRONICSFACTORYUPGRADE_CULTURE', 'BuildingType', 'BUILDING_ELECTRONICS_FACTORY_UPGRADE'),
('ELECTRONICSFACTORYUPGRADE_CULTURE', 'Amount', '2'),
('ELECTRONICSFACTORYUPGRADE_CULTURE', 'YieldType', 'YIELD_CULTURE'),
-- Barracks Upgrade +1 Production from Camps
('BARRACKSUPGRADE_ADDCAMPPRODUCTION', 'Amount', '1'),
('BARRACKSUPGRADE_ADDCAMPPRODUCTION', 'YieldType', 'YIELD_PRODUCTION'),
-- Stable Upgrade +1 Production from Pastures
('STABLEUPGRADE_ADDPASTUREPRODUCTION', 'Amount', '1'),
('STABLEUPGRADE_ADDPASTUREPRODUCTION', 'YieldType', 'YIELD_PRODUCTION'),
-- Water Mill Upgrade +1 Food from Plantations
--('WATERMILLUPGRADE_ADDPLANTATIONFOOD', 'Amount', '1'),
--('WATERMILLUPGRADE_ADDPLANTATIONFOOD',	'YieldType', 'YIELD_FOOD'),
-- Workshop Upgrade +1 Production from Quarries
('WORKSHOPUPGRADE_ADDQUARRYPRODUCTION', 'Amount', '1'),
('WORKSHOPUPGRADE_ADDQUARRYPRODUCTION', 'YieldType', 'YIELD_PRODUCTION'),
-- Stave Church Upgrade +1 Faith from Lumber Mills
('STAVECHURCHUPGRADE_ADDLUMBERMILLFAITH', 'Amount', '1'),
('STAVECHURCHUPGRADE_ADDLUMBERMILLFAITH', 'YieldType', 'YIELD_FAITH'),
-- Hangar & Airport +1 Air Slot
('HANGARUPGRADE_BONUS_AIR_SLOTS', 'Amount', '1'),
('AIRPORTUPGRADE_BONUS_AIR_SLOTS', 'Amount', '1'),
-- Stadium Upgrade +10% to all Tourism
('STADIUMUPGRADE_BOOST_ALL_TOURISM', 'Amount', '10');

-- DLC: Macedon
INSERT INTO BuildingModifiers (BuildingType, ModifierId)
SELECT 'BUILDING_BASILIKOI_PAIDES_UPGRADE', 'BARRACKSUPGRADE_ADDCAMPPRODUCTION' -- Barracks' replacement
FROM Buildings
WHERE BuildingType = 'BUILDING_BASILIKOI_PAIDES';

-- DLC: Khmer
INSERT INTO BuildingModifiers (BuildingType, ModifierId)
SELECT 'BUILDING_PRASAT_UPGRADE', 'PRASAT_UPGRADE_TOURISM'
FROM Buildings
WHERE BuildingType = 'BUILDING_PRASAT';
-- DLC: Khmer
INSERT INTO Modifiers (ModifierId, ModifierType, RunOnce, Permanent, OwnerRequirementSetId, SubjectRequirementSetId)
SELECT 'PRASAT_UPGRADE_TOURISM', 'MODIFIER_PLAYER_DISTRICT_ADJUST_TOURISM_CHANGE', 0, 0, NULL, NULL
FROM Buildings
WHERE BuildingType = 'BUILDING_PRASAT';
-- DLC: Khmer
INSERT INTO ModifierArguments (ModifierId, Name, Value)
-- Prasat Upgrade +2 Tourism
SELECT 'PRASAT_UPGRADE_TOURISM', 'Amount', '2'
FROM Buildings
WHERE BuildingType = 'BUILDING_PRASAT';


--------------------------------------------------------------
-- 2018-03-26 Generic
--------------------------------------------------------------

INSERT INTO Types (Type, Kind) VALUES  -- hash value generated automatically
('MODIFIER_SINGLE_CITY_ADJUST_CITY_YIELD_PER_POPULATION', 'KIND_MODIFIER');

INSERT INTO DynamicModifiers (ModifierType, CollectionType, EffectType) VALUES
('MODIFIER_SINGLE_CITY_ADJUST_CITY_YIELD_PER_POPULATION', 'COLLECTION_OWNER', 'EFFECT_ADJUST_CITY_YIELD_PER_POPULATION');


--------------------------------------------------------------
-- 2018-03-26 Theater Square
--------------------------------------------------------------

-- important change here! you get back these per pop yields from upgrades!
UPDATE GlobalParameters SET Value = '20' WHERE Name = 'CULTURE_PERCENTAGE_YIELD_PER_POP'; -- default is 30

-------------------------------------------------------------
-- AMPHITHEATER

-- +1 Amenity
UPDATE Buildings SET Entertainment = 1
WHERE BuildingType = 'BUILDING_AMPHITHEATER_UPGRADE';

-- +1 Culture
INSERT INTO Building_YieldChanges (BuildingType, YieldType, YieldChange) VALUES
('BUILDING_AMPHITHEATER_UPGRADE', 'YIELD_CULTURE', 1);

-- +0.2 Culture per population
INSERT INTO BuildingModifiers (BuildingType, ModifierId) VALUES
('BUILDING_AMPHITHEATER_UPGRADE', 'AMPHITHEATER_UPGRADE_ADJUST_CULTURE_PER_POP');

INSERT INTO Modifiers (ModifierId, ModifierType, RunOnce, Permanent, OwnerRequirementSetId, SubjectRequirementSetId) VALUES
('AMPHITHEATER_UPGRADE_ADJUST_CULTURE_PER_POP', 'MODIFIER_SINGLE_CITY_ADJUST_CITY_YIELD_PER_POPULATION', 0, 0, NULL, NULL);

INSERT INTO ModifierArguments (ModifierId, Name, Value) VALUES
('AMPHITHEATER_UPGRADE_ADJUST_CULTURE_PER_POP', 'YieldType', 'YIELD_CULTURE'),
('AMPHITHEATER_UPGRADE_ADJUST_CULTURE_PER_POP', 'Amount',    '0.2');

--------------------------------------------------------------
-- MUSEUM_ART / MUSEUM_ARTIFACT

-- +2 Culture
INSERT INTO Building_YieldChanges (BuildingType, YieldType, YieldChange) VALUES
('BUILDING_MUSEUM_ART_UPGRADE',      'YIELD_CULTURE', 2),
('BUILDING_MUSEUM_ARTIFACT_UPGRADE', 'YIELD_CULTURE', 2);

-- +1 GAP
INSERT INTO Building_GreatPersonPoints (BuildingType, GreatPersonClassType, PointsPerTurn) VALUES
('BUILDING_MUSEUM_ART_UPGRADE',      'GREAT_PERSON_CLASS_ARTIST', 1),
('BUILDING_MUSEUM_ARTIFACT_UPGRADE', 'GREAT_PERSON_CLASS_ARTIST', 1);

-- 2018-03-05 Mutually exclusive buildings (so they won't appear in production list)
INSERT INTO MutuallyExclusiveBuildings (Building, MutuallyExclusiveBuilding) VALUES
('BUILDING_MUSEUM_ART_UPGRADE', 'BUILDING_MUSEUM_ARTIFACT'),
('BUILDING_MUSEUM_ART_UPGRADE', 'BUILDING_MUSEUM_ARTIFACT_UPGRADE'),
('BUILDING_MUSEUM_ARTIFACT_UPGRADE', 'BUILDING_MUSEUM_ART'),
('BUILDING_MUSEUM_ARTIFACT_UPGRADE', 'BUILDING_MUSEUM_ART_UPGRADE');

-- Museums +1 Gold for each GW in the City except religious
INSERT INTO BuildingModifiers (BuildingType, ModifierId) VALUES
-- Art can only hold GREATWORKSLOT_ART = GREATWORKOBJECT_SCULPTURE + GREATWORKOBJECT_PORTRAIT + GREATWORKOBJECT_LANDSCAPE + GREATWORKOBJECT_RELIGIOUS
('BUILDING_MUSEUM_ART_UPGRADE', 'MUSEUMSUPGRADE_GREAT_WORK_ARTIFACT_GOLD'),
('BUILDING_MUSEUM_ART_UPGRADE', 'MUSEUMSUPGRADE_GREAT_WORK_LANDSCAPE_GOLD'),
('BUILDING_MUSEUM_ART_UPGRADE', 'MUSEUMSUPGRADE_GREAT_WORK_MUSIC_GOLD'),
('BUILDING_MUSEUM_ART_UPGRADE', 'MUSEUMSUPGRADE_GREAT_WORK_PORTRAIT_GOLD'),
('BUILDING_MUSEUM_ART_UPGRADE', 'MUSEUMSUPGRADE_GREAT_WORK_SCULPTURE_GOLD'),
('BUILDING_MUSEUM_ART_UPGRADE', 'MUSEUMSUPGRADE_GREAT_WORK_WRITING_GOLD'),
-- Artifact can only hold GREATWORKSLOT_ARTIFACT = GREATWORKOBJECT_ARTIFACT
('BUILDING_MUSEUM_ARTIFACT_UPGRADE', 'MUSEUMSUPGRADE_GREAT_WORK_ARTIFACT_GOLD'),
('BUILDING_MUSEUM_ARTIFACT_UPGRADE', 'MUSEUMSUPGRADE_GREAT_WORK_LANDSCAPE_GOLD'),
('BUILDING_MUSEUM_ARTIFACT_UPGRADE', 'MUSEUMSUPGRADE_GREAT_WORK_MUSIC_GOLD'),
('BUILDING_MUSEUM_ARTIFACT_UPGRADE', 'MUSEUMSUPGRADE_GREAT_WORK_PORTRAIT_GOLD'),
('BUILDING_MUSEUM_ARTIFACT_UPGRADE', 'MUSEUMSUPGRADE_GREAT_WORK_SCULPTURE_GOLD'),
('BUILDING_MUSEUM_ARTIFACT_UPGRADE', 'MUSEUMSUPGRADE_GREAT_WORK_WRITING_GOLD');

INSERT INTO Modifiers (ModifierId, ModifierType, RunOnce, Permanent, OwnerRequirementSetId, SubjectRequirementSetId) VALUES
('MUSEUMSUPGRADE_GREAT_WORK_ARTIFACT_GOLD',  'MODIFIER_SINGLE_CITY_ADJUST_GREATWORK_YIELD', 0, 0, NULL, NULL),
('MUSEUMSUPGRADE_GREAT_WORK_LANDSCAPE_GOLD', 'MODIFIER_SINGLE_CITY_ADJUST_GREATWORK_YIELD', 0, 0, NULL, NULL),
('MUSEUMSUPGRADE_GREAT_WORK_MUSIC_GOLD',     'MODIFIER_SINGLE_CITY_ADJUST_GREATWORK_YIELD', 0, 0, NULL, NULL),
('MUSEUMSUPGRADE_GREAT_WORK_PORTRAIT_GOLD',  'MODIFIER_SINGLE_CITY_ADJUST_GREATWORK_YIELD', 0, 0, NULL, NULL),
('MUSEUMSUPGRADE_GREAT_WORK_SCULPTURE_GOLD', 'MODIFIER_SINGLE_CITY_ADJUST_GREATWORK_YIELD', 0, 0, NULL, NULL),
('MUSEUMSUPGRADE_GREAT_WORK_WRITING_GOLD',   'MODIFIER_SINGLE_CITY_ADJUST_GREATWORK_YIELD', 0, 0, NULL, NULL);
	
INSERT INTO ModifierArguments (ModifierId, Name, Value) VALUES
('MUSEUMSUPGRADE_GREAT_WORK_ARTIFACT_GOLD', 'GreatWorkObjectType', 'GREATWORKOBJECT_ARTIFACT'),
('MUSEUMSUPGRADE_GREAT_WORK_ARTIFACT_GOLD', 'YieldType',           'YIELD_GOLD'),
('MUSEUMSUPGRADE_GREAT_WORK_ARTIFACT_GOLD', 'YieldChange',         '1'),
('MUSEUMSUPGRADE_GREAT_WORK_LANDSCAPE_GOLD', 'GreatWorkObjectType', 'GREATWORKOBJECT_LANDSCAPE'),
('MUSEUMSUPGRADE_GREAT_WORK_LANDSCAPE_GOLD', 'YieldType',           'YIELD_GOLD'),
('MUSEUMSUPGRADE_GREAT_WORK_LANDSCAPE_GOLD', 'YieldChange',         '1'),
('MUSEUMSUPGRADE_GREAT_WORK_MUSIC_GOLD', 'GreatWorkObjectType', 'GREATWORKOBJECT_MUSIC'),
('MUSEUMSUPGRADE_GREAT_WORK_MUSIC_GOLD', 'YieldType',           'YIELD_GOLD'),
('MUSEUMSUPGRADE_GREAT_WORK_MUSIC_GOLD', 'YieldChange',         '1'),
('MUSEUMSUPGRADE_GREAT_WORK_PORTRAIT_GOLD', 'GreatWorkObjectType', 'GREATWORKOBJECT_PORTRAIT'),
('MUSEUMSUPGRADE_GREAT_WORK_PORTRAIT_GOLD', 'YieldType',           'YIELD_GOLD'),
('MUSEUMSUPGRADE_GREAT_WORK_PORTRAIT_GOLD', 'YieldChange',         '1'),
('MUSEUMSUPGRADE_GREAT_WORK_SCULPTURE_GOLD', 'GreatWorkObjectType', 'GREATWORKOBJECT_SCULPTURE'),
('MUSEUMSUPGRADE_GREAT_WORK_SCULPTURE_GOLD', 'YieldType',           'YIELD_GOLD'),
('MUSEUMSUPGRADE_GREAT_WORK_SCULPTURE_GOLD', 'YieldChange',         '1'),
('MUSEUMSUPGRADE_GREAT_WORK_WRITING_GOLD', 'GreatWorkObjectType', 'GREATWORKOBJECT_WRITING'),
('MUSEUMSUPGRADE_GREAT_WORK_WRITING_GOLD', 'YieldType',           'YIELD_GOLD'),
('MUSEUMSUPGRADE_GREAT_WORK_WRITING_GOLD', 'YieldChange',         '1');

--------------------------------------------------------------
-- BROADCAST_CENTER

-- Amenity with RR=6 effect (wider range of broadcast)
UPDATE Buildings SET Entertainment = 1, RegionalRange = 6
WHERE BuildingType = 'BUILDING_BROADCAST_CENTER_UPGRADE';

-- +1 GMP
INSERT INTO Building_GreatPersonPoints (BuildingType, GreatPersonClassType, PointsPerTurn) VALUES
('BUILDING_BROADCAST_CENTER_UPGRADE', 'GREAT_PERSON_CLASS_MUSICIAN', 1);

-- +1 GWoM slot to Broadcast Center (EFFECT_ADJUST_EXTRA_GREAT_WORK_SLOTS)
INSERT INTO BuildingModifiers (BuildingType, ModifierId) VALUES
('BUILDING_BROADCAST_CENTER_UPGRADE', 'BROADCAST_CENTER_UPGRADE_ADD_GREAT_WORK_SLOTS');

INSERT INTO Modifiers (ModifierId, ModifierType, RunOnce, Permanent, OwnerRequirementSetId, SubjectRequirementSetId) VALUES
('BROADCAST_CENTER_UPGRADE_ADD_GREAT_WORK_SLOTS', 'MODIFIER_SINGLE_CITY_ADJUST_EXTRA_GREAT_WORK_SLOTS', 1, 1, NULL, NULL);

INSERT INTO ModifierArguments (ModifierId, Name, Value) VALUES
('BROADCAST_CENTER_UPGRADE_ADD_GREAT_WORK_SLOTS', 'BuildingType',      'BUILDING_BROADCAST_CENTER'),
('BROADCAST_CENTER_UPGRADE_ADD_GREAT_WORK_SLOTS', 'GreatWorkSlotType', 'GREATWORKSLOT_MUSIC'),
('BROADCAST_CENTER_UPGRADE_ADD_GREAT_WORK_SLOTS', 'Amount',            '1');

--------------------------------------------------------------
-- FILM_STUDIO

INSERT INTO BuildingReplaces (CivUniqueBuildingType, ReplacesBuildingType) VALUES
('BUILDING_FILM_STUDIO_UPGRADE', 'BUILDING_BROADCAST_CENTER_UPGRADE');

UPDATE Buildings SET TraitType = (SELECT TraitType FROM Buildings WHERE BuildingType = 'BUILDING_FILM_STUDIO') -- TRAIT_CIVILIZATION_BUILDING_FILM_STUDIO
WHERE BuildingType = 'BUILDING_FILM_STUDIO_UPGRADE';

-- +2 Amenity with RR=9 effect (wider and stronger)
UPDATE Buildings SET Entertainment = 2, RegionalRange = 9
WHERE BuildingType = 'BUILDING_FILM_STUDIO_UPGRADE';

-- +2 GMP
INSERT INTO Building_GreatPersonPoints (BuildingType, GreatPersonClassType, PointsPerTurn) VALUES
('BUILDING_FILM_STUDIO_UPGRADE', 'GREAT_PERSON_CLASS_MUSICIAN', 2);

-- +2 GWoM slot to Broadcast Center (EFFECT_ADJUST_EXTRA_GREAT_WORK_SLOTS)
INSERT INTO BuildingModifiers (BuildingType, ModifierId) VALUES
('BUILDING_FILM_STUDIO_UPGRADE', 'FILM_STUDIO_UPGRADE_ADD_GREAT_WORK_SLOTS');

INSERT INTO Modifiers (ModifierId, ModifierType, RunOnce, Permanent, OwnerRequirementSetId, SubjectRequirementSetId) VALUES
('FILM_STUDIO_UPGRADE_ADD_GREAT_WORK_SLOTS', 'MODIFIER_SINGLE_CITY_ADJUST_EXTRA_GREAT_WORK_SLOTS', 1, 1, NULL, NULL);

INSERT INTO ModifierArguments (ModifierId, Name, Value) VALUES
('FILM_STUDIO_UPGRADE_ADD_GREAT_WORK_SLOTS', 'BuildingType',      'BUILDING_FILM_STUDIO'),
('FILM_STUDIO_UPGRADE_ADD_GREAT_WORK_SLOTS', 'GreatWorkSlotType', 'GREATWORKSLOT_MUSIC'),
('FILM_STUDIO_UPGRADE_ADD_GREAT_WORK_SLOTS', 'Amount',            '2');

--------------------------------------------------------------
-- 2018-03-26 Harbor
--------------------------------------------------------------

--------------------------------------------------------------
-- LIGHTHOUSE

-- +1 Housing
UPDATE Buildings SET Housing = 1
WHERE BuildingType = 'BUILDING_LIGHTHOUSE_UPGRADE';

-- +1 Gold
--INSERT INTO Building_YieldChanges (BuildingType, YieldType, YieldChange) VALUES
--('BUILDING_LIGHTHOUSE_UPGRADE', 'YIELD_GOLD', 1);

-- Add +1 Food from IMPROVEMENT_FISHING_BOATS and IMPROVEMENT_FISHERY
INSERT INTO BuildingModifiers (BuildingType, ModifierId) VALUES
('BUILDING_LIGHTHOUSE_UPGRADE', 'LIGHTHOUSE_UPGRADE_ADD_FISHING_BOATS_FOOD'),
('BUILDING_LIGHTHOUSE_UPGRADE', 'LIGHTHOUSE_UPGRADE_ADD_FISHERY_FOOD');

INSERT INTO Modifiers (ModifierId, ModifierType, RunOnce, Permanent, OwnerRequirementSetId, SubjectRequirementSetId) VALUES
('LIGHTHOUSE_UPGRADE_ADD_FISHING_BOATS_FOOD', 'MODIFIER_CITY_PLOT_YIELDS_ADJUST_PLOT_YIELD', 0, 0, NULL, 'PLOT_HAS_FISHINGBOATS_REQUIREMENTS'),
('LIGHTHOUSE_UPGRADE_ADD_FISHERY_FOOD',       'MODIFIER_CITY_PLOT_YIELDS_ADJUST_PLOT_YIELD', 0, 0, NULL, 'PLOT_HAS_FISHERY_REQUIREMENTS');

INSERT INTO ModifierArguments (ModifierId, Name, Value) VALUES
('LIGHTHOUSE_UPGRADE_ADD_FISHING_BOATS_FOOD', 'YieldType', 'YIELD_FOOD'),
('LIGHTHOUSE_UPGRADE_ADD_FISHING_BOATS_FOOD', 'Amount',    '1'),
('LIGHTHOUSE_UPGRADE_ADD_FISHERY_FOOD', 'YieldType', 'YIELD_FOOD'),
('LIGHTHOUSE_UPGRADE_ADD_FISHERY_FOOD', 'Amount',    '1');

INSERT INTO RequirementSets (RequirementSetId, RequirementSetType) VALUES
('PLOT_HAS_FISHERY_REQUIREMENTS', 'REQUIREMENTSET_TEST_ALL');
	
INSERT INTO RequirementSetRequirements (RequirementSetId, RequirementId) VALUES
('PLOT_HAS_FISHERY_REQUIREMENTS', 'REQUIRES_PLOT_HAS_FISHERY');

INSERT INTO Requirements (RequirementId, RequirementType) VALUES
('REQUIRES_PLOT_HAS_FISHERY', 'REQUIREMENT_PLOT_IMPROVEMENT_TYPE_MATCHES');
	
INSERT INTO RequirementArguments (RequirementId, Name, Value) VALUES
('REQUIRES_PLOT_HAS_FISHERY', 'ImprovementType', 'IMPROVEMENT_FISHERY');

--------------------------------------------------------------
-- SHIPYARD

-- +1 Housing
UPDATE Buildings SET Housing = 1
WHERE BuildingType = 'BUILDING_SHIPYARD_UPGRADE';

-- +1 prod
INSERT INTO Building_YieldChanges (BuildingType, YieldType, YieldChange) VALUES
('BUILDING_SHIPYARD_UPGRADE', 'YIELD_PRODUCTION', 1);

-- +1 Production for each Era since constructed!
INSERT INTO Building_YieldsPerEra (BuildingType, YieldType, YieldChange) VALUES
('BUILDING_SHIPYARD_UPGRADE', 'YIELD_PRODUCTION', 1);

-- +1 GAP
INSERT INTO Building_GreatPersonPoints (BuildingType, GreatPersonClassType, PointsPerTurn) VALUES
('BUILDING_SHIPYARD_UPGRADE', 'GREAT_PERSON_CLASS_ADMIRAL', 1);

--------------------------------------------------------------
-- SEAPORT

-- +2 Gold
INSERT INTO Building_YieldChanges (BuildingType, YieldType, YieldChange) VALUES
('BUILDING_SEAPORT_UPGRADE', 'YIELD_GOLD', 2);

-- Additonal Production same as Adjacency Bonus
INSERT INTO Building_YieldDistrictCopies (BuildingType, OldYieldType, NewYieldType) VALUES
('BUILDING_SEAPORT_UPGRADE', 'YIELD_GOLD', 'YIELD_PRODUCTION');

-- +1 TR
INSERT INTO BuildingModifiers (BuildingType, ModifierId) VALUES
('BUILDING_SEAPORT_UPGRADE', 'SEAPORT_UPGRADE_TRADE_ROUTE_CAPACITY');

INSERT INTO Modifiers (ModifierId, ModifierType, RunOnce, Permanent, OwnerRequirementSetId, SubjectRequirementSetId) VALUES
('SEAPORT_UPGRADE_TRADE_ROUTE_CAPACITY', 'MODIFIER_PLAYER_ADJUST_TRADE_ROUTE_CAPACITY', 0, 0, NULL, NULL);

INSERT INTO ModifierArguments (ModifierId, Name, Value) VALUES
('SEAPORT_UPGRADE_TRADE_ROUTE_CAPACITY', 'Amount', '1');

-- +1 gold from Fishing Boats and Fishery, +2 prod from Oil Rigs
INSERT INTO BuildingModifiers (BuildingType, ModifierId) VALUES
('BUILDING_SEAPORT_UPGRADE', 'SEAPORT_UPGRADE_ADD_FISHING_BOATS_GOLD'),
('BUILDING_SEAPORT_UPGRADE', 'SEAPORT_UPGRADE_ADD_FISHERY_GOLD'),
('BUILDING_SEAPORT_UPGRADE', 'SEAPORT_UPGRADE_ADD_OILRIG_PRODUCTION');

INSERT INTO Modifiers (ModifierId, ModifierType, RunOnce, Permanent, OwnerRequirementSetId, SubjectRequirementSetId) VALUES
('SEAPORT_UPGRADE_ADD_FISHING_BOATS_GOLD', 'MODIFIER_CITY_PLOT_YIELDS_ADJUST_PLOT_YIELD', 0, 0, NULL, 'PLOT_HAS_FISHINGBOATS_REQUIREMENTS'),
('SEAPORT_UPGRADE_ADD_FISHERY_GOLD',       'MODIFIER_CITY_PLOT_YIELDS_ADJUST_PLOT_YIELD', 0, 0, NULL, 'PLOT_HAS_FISHERY_REQUIREMENTS'),
('SEAPORT_UPGRADE_ADD_OILRIG_PRODUCTION',  'MODIFIER_CITY_PLOT_YIELDS_ADJUST_PLOT_YIELD', 0, 0, NULL, 'PLOT_HAS_OILRIG_REQUIREMENTS');

INSERT INTO ModifierArguments (ModifierId, Name, Value) VALUES
('SEAPORT_UPGRADE_ADD_FISHING_BOATS_GOLD', 'YieldType', 'YIELD_GOLD'),
('SEAPORT_UPGRADE_ADD_FISHING_BOATS_GOLD', 'Amount',    '1'),
('SEAPORT_UPGRADE_ADD_FISHERY_GOLD', 'YieldType', 'YIELD_GOLD'),
('SEAPORT_UPGRADE_ADD_FISHERY_GOLD', 'Amount',    '1'),
('SEAPORT_UPGRADE_ADD_OILRIG_PRODUCTION', 'YieldType', 'YIELD_PRODUCTION'),
('SEAPORT_UPGRADE_ADD_OILRIG_PRODUCTION', 'Amount',    '2');

INSERT INTO RequirementSets (RequirementSetId, RequirementSetType) VALUES
('PLOT_HAS_OILRIG_REQUIREMENTS', 'REQUIREMENTSET_TEST_ALL');

INSERT INTO RequirementSetRequirements (RequirementSetId, RequirementId) VALUES
('PLOT_HAS_OILRIG_REQUIREMENTS', 'REQUIRES_PLOT_HAS_OILRIG');

INSERT INTO Requirements (RequirementId, RequirementType) VALUES
('REQUIRES_PLOT_HAS_OILRIG', 'REQUIREMENT_PLOT_IMPROVEMENT_TYPE_MATCHES');

INSERT INTO RequirementArguments (RequirementId, Name, Value) VALUES
('REQUIRES_PLOT_HAS_OILRIG', 'ImprovementType', 'IMPROVEMENT_OFFSHORE_OIL_RIG');


--------------------------------------------------------------
-- 2018-03-26 Campus
--------------------------------------------------------------

-- important change here! you get back these per pop yields from upgrades!
UPDATE GlobalParameters SET Value = '30' WHERE Name = 'SCIENCE_PERCENTAGE_YIELD_PER_POP'; -- default 50

--------------------------------------------------------------
-- LIBRARY

-- +1 Amenity
UPDATE Buildings SET Entertainment = 1
WHERE BuildingType = 'BUILDING_LIBRARY_UPGRADE';

-- +1 Science
INSERT INTO Building_YieldChanges (BuildingType, YieldType, YieldChange) VALUES
('BUILDING_LIBRARY_UPGRADE', 'YIELD_SCIENCE', 1);

-- +0.2 Science per population
INSERT INTO BuildingModifiers (BuildingType, ModifierId) VALUES
('BUILDING_LIBRARY_UPGRADE', 'LIBRARY_UPGRADE_ADJUST_SCIENCE_PER_POP');

INSERT INTO Modifiers (ModifierId, ModifierType, RunOnce, Permanent, OwnerRequirementSetId, SubjectRequirementSetId) VALUES
('LIBRARY_UPGRADE_ADJUST_SCIENCE_PER_POP', 'MODIFIER_SINGLE_CITY_ADJUST_CITY_YIELD_PER_POPULATION', 0, 0, NULL, NULL);

INSERT INTO ModifierArguments (ModifierId, Name, Value) VALUES
('LIBRARY_UPGRADE_ADJUST_SCIENCE_PER_POP', 'YieldType', 'YIELD_SCIENCE'),
('LIBRARY_UPGRADE_ADJUST_SCIENCE_PER_POP', 'Amount',    '0.2');

--------------------------------------------------------------
-- UNIVERSITY

-- +2 Culture / +2 Science
INSERT INTO Building_YieldChanges (BuildingType, YieldType, YieldChange) VALUES
('BUILDING_UNIVERSITY_UPGRADE', 'YIELD_CULTURE', 2),
('BUILDING_UNIVERSITY_UPGRADE', 'YIELD_SCIENCE', 2);

-- +1 GWP / +1 GSP
INSERT INTO Building_GreatPersonPoints (BuildingType, GreatPersonClassType, PointsPerTurn) VALUES
('BUILDING_UNIVERSITY_UPGRADE', 'GREAT_PERSON_CLASS_SCIENTIST', 1),
('BUILDING_UNIVERSITY_UPGRADE', 'GREAT_PERSON_CLASS_WRITER', 1);

-- +0.2 Science per population
INSERT INTO BuildingModifiers (BuildingType, ModifierId) VALUES
('BUILDING_UNIVERSITY_UPGRADE', 'UNIVERSITY_UPGRADE_ADJUST_SCIENCE_PER_POP');

INSERT INTO Modifiers (ModifierId, ModifierType, RunOnce, Permanent, OwnerRequirementSetId, SubjectRequirementSetId) VALUES
('UNIVERSITY_UPGRADE_ADJUST_SCIENCE_PER_POP', 'MODIFIER_SINGLE_CITY_ADJUST_CITY_YIELD_PER_POPULATION', 0, 0, NULL, NULL);

INSERT INTO ModifierArguments (ModifierId, Name, Value) VALUES
('UNIVERSITY_UPGRADE_ADJUST_SCIENCE_PER_POP', 'YieldType', 'YIELD_SCIENCE'),
('UNIVERSITY_UPGRADE_ADJUST_SCIENCE_PER_POP', 'Amount',    '0.2');

--------------------------------------------------------------
-- MADRASA

INSERT INTO BuildingReplaces (CivUniqueBuildingType, ReplacesBuildingType) VALUES
('BUILDING_MADRASA_UPGRADE', 'BUILDING_UNIVERSITY_UPGRADE');

UPDATE Buildings SET TraitType = (SELECT TraitType FROM Buildings WHERE BuildingType = 'BUILDING_MADRASA') --'TRAIT_CIVILIZATION_BUILDING_MADRASA'
WHERE BuildingType = 'BUILDING_MADRASA_UPGRADE';

UPDATE Buildings SET Housing = 1
WHERE BuildingType = 'BUILDING_MADRASA_UPGRADE';

-- +1 GWP / +1 GSP
INSERT INTO Building_GreatPersonPoints (BuildingType, GreatPersonClassType, PointsPerTurn) VALUES
('BUILDING_MADRASA_UPGRADE', 'GREAT_PERSON_CLASS_SCIENTIST', 1),
('BUILDING_MADRASA_UPGRADE', 'GREAT_PERSON_CLASS_WRITER', 1);

-- +2 Culture / +2 Science
INSERT INTO Building_YieldChanges (BuildingType, YieldType, YieldChange) VALUES
('BUILDING_MADRASA_UPGRADE', 'YIELD_CULTURE', 2),
('BUILDING_MADRASA_UPGRADE', 'YIELD_SCIENCE', 2);

-- +0.3 Science per population
INSERT INTO BuildingModifiers (BuildingType, ModifierId) VALUES
('BUILDING_MADRASA_UPGRADE', 'MADRASA_UPGRADE_ADJUST_SCIENCE_PER_POP');

INSERT INTO Modifiers (ModifierId, ModifierType, RunOnce, Permanent, OwnerRequirementSetId, SubjectRequirementSetId) VALUES
('MADRASA_UPGRADE_ADJUST_SCIENCE_PER_POP', 'MODIFIER_SINGLE_CITY_ADJUST_CITY_YIELD_PER_POPULATION', 0, 0, NULL, NULL);

INSERT INTO ModifierArguments (ModifierId, Name, Value) VALUES
('MADRASA_UPGRADE_ADJUST_SCIENCE_PER_POP', 'YieldType', 'YIELD_SCIENCE'),
('MADRASA_UPGRADE_ADJUST_SCIENCE_PER_POP', 'Amount',    '0.3');

--------------------------------------------------------------
-- RESEARCH_LAB

-- RR=9
UPDATE Buildings SET RegionalRange = 9
WHERE BuildingType = 'BUILDING_RESEARCH_LAB_UPGRADE';

-- +2 Science
INSERT INTO Building_YieldChanges (BuildingType, YieldType, YieldChange) VALUES
('BUILDING_RESEARCH_LAB_UPGRADE', 'YIELD_SCIENCE', 2);

-- +1/+2/+3 Science to specific resources 
INSERT INTO BuildingModifiers (BuildingType, ModifierId) VALUES
('BUILDING_RESEARCH_LAB_UPGRADE', 'RESEARCH_LAB_UPGRADE_ADD_ALUMINUM_SCIENCE'),
('BUILDING_RESEARCH_LAB_UPGRADE', 'RESEARCH_LAB_UPGRADE_ADD_AMBER_SCIENCE'),
('BUILDING_RESEARCH_LAB_UPGRADE', 'RESEARCH_LAB_UPGRADE_ADD_COPPER_SCIENCE'),
('BUILDING_RESEARCH_LAB_UPGRADE', 'RESEARCH_LAB_UPGRADE_ADD_OIL_SCIENCE'),
('BUILDING_RESEARCH_LAB_UPGRADE', 'RESEARCH_LAB_UPGRADE_ADD_URANIUM_SCIENCE');

INSERT INTO Modifiers (ModifierId, ModifierType, RunOnce, Permanent, OwnerRequirementSetId, SubjectRequirementSetId) VALUES
('RESEARCH_LAB_UPGRADE_ADD_ALUMINUM_SCIENCE', 'MODIFIER_CITY_PLOT_YIELDS_ADJUST_PLOT_YIELD', 0, 0, NULL, 'RESOURCE_IS_ALUMINUM'),
('RESEARCH_LAB_UPGRADE_ADD_AMBER_SCIENCE',    'MODIFIER_CITY_PLOT_YIELDS_ADJUST_PLOT_YIELD', 0, 0, NULL, 'RESOURCE_IS_AMBER'),
('RESEARCH_LAB_UPGRADE_ADD_COPPER_SCIENCE',   'MODIFIER_CITY_PLOT_YIELDS_ADJUST_PLOT_YIELD', 0, 0, NULL, 'RESOURCE_IS_COPPER'),
('RESEARCH_LAB_UPGRADE_ADD_OIL_SCIENCE',      'MODIFIER_CITY_PLOT_YIELDS_ADJUST_PLOT_YIELD', 0, 0, NULL, 'RESOURCE_IS_OIL'),
('RESEARCH_LAB_UPGRADE_ADD_URANIUM_SCIENCE',  'MODIFIER_CITY_PLOT_YIELDS_ADJUST_PLOT_YIELD', 0, 0, NULL, 'RESOURCE_IS_URANIUM');

INSERT INTO ModifierArguments (ModifierId, Name, Value) VALUES
('RESEARCH_LAB_UPGRADE_ADD_ALUMINUM_SCIENCE', 'YieldType', 'YIELD_SCIENCE'),
('RESEARCH_LAB_UPGRADE_ADD_ALUMINUM_SCIENCE', 'Amount',    '2'),
('RESEARCH_LAB_UPGRADE_ADD_AMBER_SCIENCE', 'YieldType', 'YIELD_SCIENCE'),
('RESEARCH_LAB_UPGRADE_ADD_AMBER_SCIENCE', 'Amount',    '1'),
('RESEARCH_LAB_UPGRADE_ADD_COPPER_SCIENCE', 'YieldType', 'YIELD_SCIENCE'),
('RESEARCH_LAB_UPGRADE_ADD_COPPER_SCIENCE', 'Amount',    '2'),
('RESEARCH_LAB_UPGRADE_ADD_OIL_SCIENCE', 'YieldType', 'YIELD_SCIENCE'),
('RESEARCH_LAB_UPGRADE_ADD_OIL_SCIENCE', 'Amount',    '1'),
('RESEARCH_LAB_UPGRADE_ADD_URANIUM_SCIENCE', 'YieldType', 'YIELD_SCIENCE'),
('RESEARCH_LAB_UPGRADE_ADD_URANIUM_SCIENCE', 'Amount',    '3');

INSERT INTO RequirementSets (RequirementSetId, RequirementSetType) VALUES
('RESOURCE_IS_ALUMINUM', 'REQUIREMENTSET_TEST_ALL'),
('RESOURCE_IS_AMBER',    'REQUIREMENTSET_TEST_ALL'),
('RESOURCE_IS_COPPER',   'REQUIREMENTSET_TEST_ALL'),
('RESOURCE_IS_OIL',      'REQUIREMENTSET_TEST_ALL'),
('RESOURCE_IS_URANIUM',  'REQUIREMENTSET_TEST_ALL');

INSERT INTO RequirementSetRequirements (RequirementSetId, RequirementId) VALUES
('RESOURCE_IS_ALUMINUM', 'REQUIRES_ALUMINUM_IN_PLOT'),
('RESOURCE_IS_AMBER',    'REQUIRES_AMBER_IN_PLOT'),
('RESOURCE_IS_COPPER',   'REQUIRES_COPPER_IN_PLOT'),
('RESOURCE_IS_OIL',      'REQUIRES_OIL_IN_PLOT'),
('RESOURCE_IS_URANIUM',  'REQUIRES_URANIUM_IN_PLOT');

INSERT INTO Requirements (RequirementId, RequirementType) VALUES
('REQUIRES_ALUMINUM_IN_PLOT', 'REQUIREMENT_PLOT_RESOURCE_TYPE_MATCHES'),
('REQUIRES_AMBER_IN_PLOT',    'REQUIREMENT_PLOT_RESOURCE_TYPE_MATCHES'),
('REQUIRES_COPPER_IN_PLOT',   'REQUIREMENT_PLOT_RESOURCE_TYPE_MATCHES'),
('REQUIRES_OIL_IN_PLOT',      'REQUIREMENT_PLOT_RESOURCE_TYPE_MATCHES'),
('REQUIRES_URANIUM_IN_PLOT',  'REQUIREMENT_PLOT_RESOURCE_TYPE_MATCHES');

INSERT INTO RequirementArguments (RequirementId, Name, Value) VALUES
('REQUIRES_ALUMINUM_IN_PLOT', 'ResourceType', 'RESOURCE_ALUMINUM'),
('REQUIRES_AMBER_IN_PLOT',    'ResourceType', 'RESOURCE_AMBER'),
('REQUIRES_COPPER_IN_PLOT',   'ResourceType', 'RESOURCE_COPPER'),
('REQUIRES_OIL_IN_PLOT',      'ResourceType', 'RESOURCE_OIL'),
('REQUIRES_URANIUM_IN_PLOT',  'ResourceType', 'RESOURCE_URANIUM');


--------------------------------------------------------------
-- AI
-- System Buildings contains only Wonders
-- Will use AiBuildSpecializations that contains only one list: DefaultCitySpecialization
--------------------------------------------------------------
