-- TestBuildings
-- Author: Infixo
-- DateCreated: 2/27/2017 3:41:22 PM
--------------------------------------------------------------

-- updates

-- BELIEF_FERTILITY_RITES
-- Low scores; make it 15%? Make 20% in ancient, 10% later
UPDATE ModifierArguments SET Value = '50' WHERE ModifierId = 'FERTILITY_RITES_GROWTH';


-- BELIEF_RELIGIOUS_SETTLEMENTS
-- Still low scores. Make 25% in ancient, 15% later
UPDATE ModifierArguments SET Value = '50' WHERE ModifierId = 'RELIGIOUS_SETTLEMENTS_CULTUREBORDER';


-- BELIEF_GODDESS_OF_THE_HARVEST
-- Prime choice. Make it maybe 50% of it.
UPDATE ModifierArguments SET Value = '50' WHERE ModifierId = 'GODDESS_OF_THE_HARVEST_HARVEST_MODIFIER';
UPDATE ModifierArguments SET Value = '50' WHERE ModifierId = 'GODDESS_OF_THE_HARVEST_REMOVE_FEATURE_MODIFIER';


-- BELIEF_EARTH_GODDESS
-- Make it maybe Level=3 OR no resources are there? Check distribution on the map. Make for Breathtaking and +2 Faith.

UPDATE Modifiers SET SubjectRequirementSetId = 'PLOT_BREATHTAKING_APPEAL' WHERE ModifierId = 'EARTH_GODDESS_APPEAL_FAITH_MODIFIER' AND SubjectRequirementSetId = 'PLOT_CHARMING_APPEAL';
--UPDATE ModifierArguments SET Value = 2 WHERE ModifierId = 'EARTH_GODDESS_APPEAL_FAITH_MODIFIER' AND Name = 'Amount';

INSERT OR REPLACE INTO RequirementSets (RequirementSetId, RequirementSetType) VALUES
('PLOT_BREATHTAKING_APPEAL', 'REQUIREMENTSET_TEST_ALL');

INSERT OR REPLACE INTO RequirementSetRequirements (RequirementSetId, RequirementId) VALUES
('PLOT_BREATHTAKING_APPEAL', 'REQUIRES_PLOT_BREATHTAKING_APPEAL');

INSERT OR REPLACE INTO Requirements (RequirementId, RequirementType) VALUES
('REQUIRES_PLOT_BREATHTAKING_APPEAL', 'REQUIREMENT_PLOT_IS_APPEAL_BETWEEN');

INSERT OR REPLACE INTO RequirementArguments (RequirementId, Name, Value) VALUES
('REQUIRES_PLOT_BREATHTAKING_APPEAL', 'MinimumAppeal', 4),
('REQUIRES_PLOT_BREATHTAKING_APPEAL', 'MaximumAppeal', 9);



-- shared part

INSERT OR REPLACE INTO Types (Type, Kind) VALUES
('MODIFIER_ALL_CITIES_ADJUST_CITY_YIELD_PER_POPULATION', 'KIND_MODIFIER');

INSERT OR REPLACE INTO DynamicModifiers (ModifierType, CollectionType, EffectType) VALUES
('MODIFIER_ALL_CITIES_ADJUST_CITY_YIELD_PER_POPULATION', 'COLLECTION_ALL_CITIES', 'EFFECT_ADJUST_CITY_YIELD_PER_POPULATION');

-- Requirements for a plot to have a specific resource

INSERT OR REPLACE INTO Requirements (RequirementId, RequirementType)
SELECT 'REQUIRES_PLOT_HAS_'||ResourceType, 'REQUIREMENT_PLOT_RESOURCE_TYPE_MATCHES'
FROM Resources;

INSERT OR REPLACE INTO RequirementArguments (RequirementId, Name, Value)
SELECT 'REQUIRES_PLOT_HAS_'||ResourceType, 'ResourceType', ResourceType
FROM Resources;


-- tricked


-- BELIEF_RIVER_GODDESS_PLOTS
-- +1 faith from river tiles with no resources? flat?

INSERT INTO Types (Type, Kind) VALUES
('BELIEF_RIVER_GODDESS_PLOTS', 'KIND_BELIEF');

INSERT INTO Beliefs (BeliefType, Name, Description, BeliefClassType) VALUES
('BELIEF_RIVER_GODDESS_PLOTS', 'LOC_BELIEF_RIVER_GODDESS_PLOTS_NAME', 'LOC_BELIEF_RIVER_GODDESS_PLOTS_DESCRIPTION', 'BELIEF_CLASS_PANTHEON');

INSERT INTO BeliefModifiers (BeliefType, ModifierId) VALUES
('BELIEF_RIVER_GODDESS_PLOTS', 'RIVER_GODDESS_PLOTS_FAITH');

INSERT INTO Modifiers(ModifierId, ModifierType, SubjectRequirementSetId) VALUES
('RIVER_GODDESS_PLOTS_FAITH',          'MODIFIER_ALL_CITIES_ATTACH_MODIFIER',         'CITY_FOLLOWS_PANTHEON_REQUIREMENTS'),
('RIVER_GODDESS_PLOTS_FAITH_MODIFIER', 'MODIFIER_CITY_PLOT_YIELDS_ADJUST_PLOT_YIELD', 'REQUIREMENTS_RIVER_GODDESS_PLOTS');

INSERT INTO ModifierArguments (ModifierId, Name, Value) VALUES
('RIVER_GODDESS_PLOTS_FAITH', 'ModifierId', 'RIVER_GODDESS_PLOTS_FAITH_MODIFIER'),
('RIVER_GODDESS_PLOTS_FAITH_MODIFIER', 'YieldType', 'YIELD_FAITH'),
('RIVER_GODDESS_PLOTS_FAITH_MODIFIER', 'Amount',    '1');

INSERT INTO RequirementSets (RequirementSetId, RequirementSetType) VALUES
('REQUIREMENTS_RIVER_GODDESS_PLOTS', 'REQUIREMENTSET_TEST_ALL');

INSERT INTO RequirementSetRequirements (RequirementSetId, RequirementId) VALUES
('REQUIREMENTS_RIVER_GODDESS_PLOTS', 'REQUIRES_PLOT_ADJACENT_TO_RIVER'),
('REQUIREMENTS_RIVER_GODDESS_PLOTS', 'REQUIRES_PLOT_HAS_NO_RESOURCE');

INSERT INTO Requirements (RequirementId, RequirementType, Inverse) VALUES
('REQUIRES_PLOT_HAS_NO_RESOURCE', 'REQUIREMENT_PLOT_HAS_ANY_RESOURCE', 1);


-- BELIEF_GOD_OF_THE_SEA_RESOURCES
-- +1 prod from sea resources

INSERT INTO Types (Type, Kind) VALUES
('BELIEF_GOD_OF_THE_SEA_RESOURCES', 'KIND_BELIEF');

INSERT INTO Beliefs (BeliefType, Name, Description, BeliefClassType) VALUES
('BELIEF_GOD_OF_THE_SEA_RESOURCES', 'LOC_BELIEF_GOD_OF_THE_SEA_RESOURCES_NAME', 'LOC_BELIEF_GOD_OF_THE_SEA_RESOURCES_DESCRIPTION', 'BELIEF_CLASS_PANTHEON');

INSERT INTO BeliefModifiers (BeliefType, ModifierId) VALUES
('BELIEF_GOD_OF_THE_SEA_RESOURCES', 'GOD_OF_THE_SEA_RESOURCES_PRODUCTION');

INSERT INTO Modifiers(ModifierId, ModifierType, SubjectRequirementSetId) VALUES
('GOD_OF_THE_SEA_RESOURCES_PRODUCTION',          'MODIFIER_ALL_CITIES_ATTACH_MODIFIER',         'CITY_FOLLOWS_PANTHEON_REQUIREMENTS'),
('GOD_OF_THE_SEA_RESOURCES_PRODUCTION_MODIFIER', 'MODIFIER_CITY_PLOT_YIELDS_ADJUST_PLOT_YIELD', 'REQUIREMENTS_GOD_OF_THE_SEA_RESOURCES');

INSERT INTO ModifierArguments (ModifierId, Name, Value) VALUES
('GOD_OF_THE_SEA_RESOURCES_PRODUCTION', 'ModifierId', 'GOD_OF_THE_SEA_RESOURCES_PRODUCTION_MODIFIER'),
('GOD_OF_THE_SEA_RESOURCES_PRODUCTION_MODIFIER', 'YieldType', 'YIELD_PRODUCTION'),
('GOD_OF_THE_SEA_RESOURCES_PRODUCTION_MODIFIER', 'Amount',    '1');

INSERT INTO RequirementSets (RequirementSetId, RequirementSetType) VALUES
('REQUIREMENTS_GOD_OF_THE_SEA_RESOURCES', 'REQUIREMENTSET_TEST_ANY');

INSERT INTO RequirementSetRequirements (RequirementSetId, RequirementId)
SELECT 'REQUIREMENTS_GOD_OF_THE_SEA_RESOURCES', 'REQUIRES_PLOT_HAS_'||ResourceType
FROM Improvement_ValidResources
WHERE ImprovementType = 'IMPROVEMENT_FISHING_BOATS';


-- BELIEF_GOD_OF_THE_OPEN_SKY_RESOURCES
-- +1 culture from pasture resources

INSERT INTO Types (Type, Kind) VALUES
('BELIEF_GOD_OF_THE_OPEN_SKY_RESOURCES', 'KIND_BELIEF');

INSERT INTO Beliefs (BeliefType, Name, Description, BeliefClassType) VALUES
('BELIEF_GOD_OF_THE_OPEN_SKY_RESOURCES', 'LOC_BELIEF_GOD_OF_THE_OPEN_SKY_RESOURCES_NAME', 'LOC_BELIEF_GOD_OF_THE_OPEN_SKY_RESOURCES_DESCRIPTION', 'BELIEF_CLASS_PANTHEON');

INSERT INTO BeliefModifiers (BeliefType, ModifierId) VALUES
('BELIEF_GOD_OF_THE_OPEN_SKY_RESOURCES', 'GOD_OF_THE_OPEN_SKY_RESOURCES_CULTURE');

INSERT INTO Modifiers(ModifierId, ModifierType, SubjectRequirementSetId) VALUES
('GOD_OF_THE_OPEN_SKY_RESOURCES_CULTURE',          'MODIFIER_ALL_CITIES_ATTACH_MODIFIER',         'CITY_FOLLOWS_PANTHEON_REQUIREMENTS'),
('GOD_OF_THE_OPEN_SKY_RESOURCES_CULTURE_MODIFIER', 'MODIFIER_CITY_PLOT_YIELDS_ADJUST_PLOT_YIELD', 'REQUIREMENTS_GOD_OF_THE_OPEN_SKY_RESOURCES');

INSERT INTO ModifierArguments (ModifierId, Name, Value) VALUES
('GOD_OF_THE_OPEN_SKY_RESOURCES_CULTURE', 'ModifierId', 'GOD_OF_THE_OPEN_SKY_RESOURCES_CULTURE_MODIFIER'),
('GOD_OF_THE_OPEN_SKY_RESOURCES_CULTURE_MODIFIER', 'YieldType', 'YIELD_CULTURE'),
('GOD_OF_THE_OPEN_SKY_RESOURCES_CULTURE_MODIFIER', 'Amount',    '1');

INSERT INTO RequirementSets (RequirementSetId, RequirementSetType) VALUES
('REQUIREMENTS_GOD_OF_THE_OPEN_SKY_RESOURCES', 'REQUIREMENTSET_TEST_ANY');

INSERT INTO RequirementSetRequirements (RequirementSetId, RequirementId)
SELECT 'REQUIREMENTS_GOD_OF_THE_OPEN_SKY_RESOURCES', 'REQUIRES_PLOT_HAS_'||ResourceType
FROM Improvement_ValidResources
WHERE ImprovementType = 'IMPROVEMENT_PASTURE';


-- BELIEF_GODDESS_OF_THE_HUNT_RESOURCES
-- +2 food from camp resources

INSERT INTO Types (Type, Kind) VALUES
('BELIEF_GODDESS_OF_THE_HUNT_RESOURCES', 'KIND_BELIEF');

INSERT INTO Beliefs (BeliefType, Name, Description, BeliefClassType) VALUES
('BELIEF_GODDESS_OF_THE_HUNT_RESOURCES', 'LOC_BELIEF_GODDESS_OF_THE_HUNT_RESOURCES_NAME', 'LOC_BELIEF_GODDESS_OF_THE_HUNT_RESOURCES_DESCRIPTION', 'BELIEF_CLASS_PANTHEON');

INSERT INTO BeliefModifiers (BeliefType, ModifierId) VALUES
('BELIEF_GODDESS_OF_THE_HUNT_RESOURCES', 'GODDESS_OF_THE_HUNT_RESOURCES_FOOD');

INSERT INTO Modifiers(ModifierId, ModifierType, SubjectRequirementSetId) VALUES
('GODDESS_OF_THE_HUNT_RESOURCES_FOOD',          'MODIFIER_ALL_CITIES_ATTACH_MODIFIER',         'CITY_FOLLOWS_PANTHEON_REQUIREMENTS'),
('GODDESS_OF_THE_HUNT_RESOURCES_FOOD_MODIFIER', 'MODIFIER_CITY_PLOT_YIELDS_ADJUST_PLOT_YIELD', 'REQUIREMENTS_GODDESS_OF_THE_HUNT_RESOURCES');

INSERT INTO ModifierArguments (ModifierId, Name, Value) VALUES
('GODDESS_OF_THE_HUNT_RESOURCES_FOOD', 'ModifierId', 'GODDESS_OF_THE_HUNT_RESOURCES_FOOD_MODIFIER'),
('GODDESS_OF_THE_HUNT_RESOURCES_FOOD_MODIFIER', 'YieldType', 'YIELD_FOOD'),
('GODDESS_OF_THE_HUNT_RESOURCES_FOOD_MODIFIER', 'Amount',    '2');

INSERT INTO RequirementSets (RequirementSetId, RequirementSetType) VALUES
('REQUIREMENTS_GODDESS_OF_THE_HUNT_RESOURCES', 'REQUIREMENTSET_TEST_ANY');

INSERT INTO RequirementSetRequirements (RequirementSetId, RequirementId)
SELECT 'REQUIREMENTS_GODDESS_OF_THE_HUNT_RESOURCES', 'REQUIRES_PLOT_HAS_'||ResourceType
FROM Improvement_ValidResources
WHERE ImprovementType = 'IMPROVEMENT_CAMP';


-- BELIEF_STONE_CIRCLES_RESOURCES
-- +2 [ICON_Faith] Faith from Quarries.

INSERT INTO Types (Type, Kind) VALUES
('BELIEF_STONE_CIRCLES_RESOURCES', 'KIND_BELIEF');

INSERT INTO Beliefs (BeliefType, Name, Description, BeliefClassType) VALUES
('BELIEF_STONE_CIRCLES_RESOURCES', 'LOC_BELIEF_STONE_CIRCLES_RESOURCES_NAME', 'LOC_BELIEF_STONE_CIRCLES_RESOURCES_DESCRIPTION', 'BELIEF_CLASS_PANTHEON');

INSERT INTO BeliefModifiers (BeliefType, ModifierId) VALUES
('BELIEF_STONE_CIRCLES_RESOURCES', 'STONE_CIRCLES_RESOURCES_FAITH');

INSERT INTO Modifiers(ModifierId, ModifierType, SubjectRequirementSetId) VALUES
('STONE_CIRCLES_RESOURCES_FAITH',          'MODIFIER_ALL_CITIES_ATTACH_MODIFIER',         'CITY_FOLLOWS_PANTHEON_REQUIREMENTS'),
('STONE_CIRCLES_RESOURCES_FAITH_MODIFIER', 'MODIFIER_CITY_PLOT_YIELDS_ADJUST_PLOT_YIELD', 'REQUIREMENTS_STONE_CIRCLES_RESOURCES');

INSERT INTO ModifierArguments (ModifierId, Name, Value) VALUES
('STONE_CIRCLES_RESOURCES_FAITH', 'ModifierId', 'STONE_CIRCLES_RESOURCES_FAITH_MODIFIER'),
('STONE_CIRCLES_RESOURCES_FAITH_MODIFIER', 'YieldType', 'YIELD_FAITH'),
('STONE_CIRCLES_RESOURCES_FAITH_MODIFIER', 'Amount',    '2');

INSERT INTO RequirementSets (RequirementSetId, RequirementSetType) VALUES
('REQUIREMENTS_STONE_CIRCLES_RESOURCES', 'REQUIREMENTSET_TEST_ANY');

INSERT INTO RequirementSetRequirements (RequirementSetId, RequirementId)
SELECT 'REQUIREMENTS_STONE_CIRCLES_RESOURCES', 'REQUIRES_PLOT_HAS_'||ResourceType
FROM Improvement_ValidResources
WHERE ImprovementType = 'IMPROVEMENT_QUARRY';


-- BELIEF_RELIGIOUS_IDOLS_RESOURCES
-- +2 [ICON_Faith] Faith from Mines over Luxury and Bonus resources.

-- BELIEF_GOD_OF_CRAFTSMEN_POPULATION
-- 0.2-0.4 prod/gold from Population

INSERT INTO Types (Type, Kind) VALUES
('BELIEF_GOD_OF_CRAFTSMEN_POPULATION', 'KIND_BELIEF');

INSERT INTO Beliefs (BeliefType, Name, Description, BeliefClassType) VALUES
('BELIEF_GOD_OF_CRAFTSMEN_POPULATION', 'LOC_BELIEF_GOD_OF_CRAFTSMEN_POPULATION_NAME', 'LOC_BELIEF_GOD_OF_CRAFTSMEN_POPULATION_DESCRIPTION', 'BELIEF_CLASS_PANTHEON');

INSERT INTO BeliefModifiers (BeliefType, ModifierId) VALUES
('BELIEF_GOD_OF_CRAFTSMEN_POPULATION', 'GOD_OF_CRAFTSMEN_POPULATION_PRODUCTION');

INSERT INTO Modifiers(ModifierId, ModifierType, SubjectRequirementSetId) VALUES
('GOD_OF_CRAFTSMEN_POPULATION_PRODUCTION', 'MODIFIER_ALL_CITIES_ADJUST_CITY_YIELD_PER_POPULATION', 'CITY_FOLLOWS_PANTHEON_REQUIREMENTS');

INSERT INTO ModifierArguments (ModifierId, Name, Value) VALUES
('GOD_OF_CRAFTSMEN_POPULATION_PRODUCTION', 'YieldType', 'YIELD_PRODUCTION'),
('GOD_OF_CRAFTSMEN_POPULATION_PRODUCTION', 'Amount',    '1');


-- BELIEF_GODDESS_OF_FESTIVALS_RESOURCES
-- +1 [ICON_Food] Food from [ICON_RESOURCE_WINE] Wine, [ICON_RESOURCE_INCENSE] Incense, [ICON_RESOURCE_COCOA] Cocoa, [ICON_RESOURCE_TOBACCO] Tobacco, [ICON_RESOURCE_COFFEE] Coffee, and [ICON_RESOURCE_TEA] Tea Plantations.

-- BELIEF_ORAL_TRADITION_RESOURCES
-- +1 [ICON_Culture] Culture from [ICON_RESOURCE_BANANAS] Banana, [ICON_RESOURCE_CITRUS] Citrus, [ICON_RESOURCE_COTTON] Cotton, [ICON_RESOURCE_DYES] Dyes, [ICON_RESOURCE_SILK] Silk, [ICON_RESOURCE_SPICES] Spices, and [ICON_RESOURCE_SUGAR] Sugar Plantations.

-- BELIEF_CITY_PATRON_GODDESS
-- +25% to buildings production in cities without districts.


-- new pantheons

-- BELIEF_GOD_KING
-- God-King
-- Yields for the Palace and each each building in GovPlaza

-- BELIEF_ONE_WITH_NATURE
-- One with Nature
-- +4 faith from each Nat Wonder tile within borders. Only Passable - they can be worked!

-- BELIEF_SUN_GOD
-- Sun God
-- Add: Wheat, Rice +2 faith / +1 faith

INSERT INTO Types (Type, Kind) VALUES
('BELIEF_SUN_GOD_RESOURCES', 'KIND_BELIEF');

INSERT INTO Beliefs (BeliefType, Name, Description, BeliefClassType) VALUES
('BELIEF_SUN_GOD_RESOURCES', 'LOC_BELIEF_SUN_GOD_RESOURCES_NAME', 'LOC_BELIEF_SUN_GOD_RESOURCES_DESCRIPTION', 'BELIEF_CLASS_PANTHEON');

INSERT INTO BeliefModifiers (BeliefType, ModifierId) VALUES
('BELIEF_SUN_GOD_RESOURCES', 'SUN_GOD_RESOURCES_FAITH');

INSERT INTO Modifiers(ModifierId, ModifierType, SubjectRequirementSetId) VALUES
('SUN_GOD_RESOURCES_FAITH',          'MODIFIER_ALL_CITIES_ATTACH_MODIFIER',         'CITY_FOLLOWS_PANTHEON_REQUIREMENTS'),
('SUN_GOD_RESOURCES_FAITH_MODIFIER', 'MODIFIER_CITY_PLOT_YIELDS_ADJUST_PLOT_YIELD', 'REQUIREMENTS_SUN_GOD_RESOURCES');

INSERT INTO ModifierArguments (ModifierId, Name, Value) VALUES
('SUN_GOD_RESOURCES_FAITH', 'ModifierId', 'SUN_GOD_RESOURCES_FAITH_MODIFIER'),
('SUN_GOD_RESOURCES_FAITH_MODIFIER', 'YieldType', 'YIELD_FAITH'),
('SUN_GOD_RESOURCES_FAITH_MODIFIER', 'Amount',    '2');

INSERT INTO RequirementSets (RequirementSetId, RequirementSetType) VALUES
('REQUIREMENTS_SUN_GOD_RESOURCES', 'REQUIREMENTSET_TEST_ANY');

INSERT INTO RequirementSetRequirements (RequirementSetId, RequirementId)
SELECT 'REQUIREMENTS_SUN_GOD_RESOURCES', 'REQUIRES_PLOT_HAS_'||ResourceType
FROM Improvement_ValidResources
WHERE ImprovementType = 'IMPROVEMENT_FARM';



-- BELIEF_GODDESS_OF_COMMERCE
-- Goddess of Commerce:
-- +1 Trade Route Capacity. Trade Routes provide an additional +1 Gold and +1 Faith.

-- BELIEF_SACRED_LAKES
-- Lady of the Lake ((Celtic)) / The Water Goddess / Sacred Lakes
-- +1 faith from Lake Tiles, +1 prod from Wells (oil!)




/*

-- 2018-01-05: Policy God King. AI values it very low (40-60), vs. e.g. Urban Planning 250+. Changed to: gives yields to all cities.
UPDATE Modifiers SET ModifierType = 'MODIFIER_PLAYER_CITIES_ADJUST_CITY_YIELD_CHANGE' WHERE ModifierId = 'GOD_KING_GOLD' OR ModifierId = 'GOD_KING_FAITH';
-- wow, it certainly works - comparable to Urban Planning now, but depends on situation highly (90-370)
-- comparison: Urban Planning (280-315), Seeds of Growth ~210

--UPDATE Modifiers SET ModifierType = 'MODIFIER_PLAYER_CAPITAL_CITY_ADJUST_CITY_YIELD_CHANGE' WHERE ModifierId = 'POLICY_SEEDS_OF_GROWTH_MODIFIER_FOOD';

UPDATE AiFavoredItems SET Value = 0 WHERE ListType = 'IndustryLoverIndustryPreference' AND Item = 'YIELD_PRODUCTION';
UPDATE AiFavoredItems SET Value = 0 WHERE ListType = 'MilitaryVictoryYields' AND Item = 'YIELD_PRODUCTION';
UPDATE AiFavoredItems SET Value = 0 WHERE ListType = 'MoneyGrubberGoldPreference' AND Item = 'YIELD_GOLD';
UPDATE AiFavoredItems SET Value = 0 WHERE ListType = 'WilhelminaYields' AND Item = 'YIELD_GOLD';
UPDATE AiFavoredItems SET Value = 0 WHERE ListType = 'FaithLoverFaithPreference' AND Item = 'YIELD_FAITH';
UPDATE AiFavoredItems SET Value = 0 WHERE ListType = 'LowReligiousPreferenceYields' AND Item = 'YIELD_FAITH';
UPDATE AiFavoredItems SET Value = 0 WHERE ListType = 'ReligiousVictoryYields' AND Item = 'YIELD_FAITH';

UPDATE Yields SET DefaultValue = 1.0 WHERE YieldType = 'YIELD_PRODUCTION';
UPDATE Yields SET DefaultValue = 1.0 WHERE YieldType = 'YIELD_GOLD';
UPDATE Yields SET DefaultValue = 0.0 WHERE YieldType = 'YIELD_FAITH';
UPDATE Yields SET DefaultValue = 1.0 WHERE YieldType = 'YIELD_FOOD';

UPDATE AiFavoredItems SET Value = 0 WHERE ListType = 'DefaultYieldBias' AND Item = 'YIELD_PRODUCTION'; -- 25
UPDATE AiFavoredItems SET Value = 0 WHERE ListType = 'DefaultYieldBias' AND Item = 'YIELD_SCIENCE'; -- 10
UPDATE AiFavoredItems SET Value = 0 WHERE ListType = 'DefaultYieldBias' AND Item = 'YIELD_CULTURE'; -- 10
UPDATE AiFavoredItems SET Value = 0 WHERE ListType = 'DefaultYieldBias' AND Item = 'YIELD_GOLD';  -- 20
UPDATE AiFavoredItems SET Value = 0 WHERE ListType = 'DefaultYieldBias' AND Item = 'YIELD_FAITH'; -- -25




INSERT INTO Building_YieldChanges (BuildingType, YieldType, YieldChange)
VALUES
	('BUILDING_TEST1', 'YIELD_SCIENCE', 100),
	('BUILDING_TEST2', 'YIELD_SCIENCE', 200),
    ('BUILDING_TEST3', 'YIELD_SCIENCE', 300),
	('BUILDING_TEST1', 'YIELD_CULTURE', 100),
	('BUILDING_TEST2', 'YIELD_CULTURE', 200),
    ('BUILDING_TEST3', 'YIELD_CULTURE', 300),
	('BUILDING_TEST1', 'YIELD_PRODUCTION', 100),
	('BUILDING_TEST2', 'YIELD_PRODUCTION', 200),
    ('BUILDING_TEST3', 'YIELD_PRODUCTION', 300);
*/
/*	
INSERT INTO Modifiers (ModifierId, ModifierType, RunOnce, Permanent, OwnerRequirementSetId, SubjectRequirementSetId)
VALUES
	-- decrease by 30% in T3
	('BUILDING_TEST1_BUILDINGTEST3_SCIENCE_PENALTY', 'MODIFIER_PLAYER_CITIES_ADJUST_BUILDING_YIELD_MODIFIER', 0, 0, NULL, NULL),
	-- decrease by 20% in T2
	('BUILDING_TEST2_BUILDINGTEST2_SCIENCE_PENALTY', 'MODIFIER_PLAYER_CITIES_ADJUST_BUILDING_YIELD_MODIFIER', 0, 0, NULL, NULL),
	-- decrease by 10% in T1
	('BUILDING_TEST3_BUILDINGTEST1_SCIENCE_PENALTY', 'MODIFIER_PLAYER_CITIES_ADJUST_BUILDING_YIELD_MODIFIER', 0, 0, NULL, NULL);


INSERT INTO ModifierArguments (ModifierId, Name, Value, Type)
VALUES
	-- decrease by 30% in T3
	('BUILDING_TEST1_BUILDINGTEST3_SCIENCE_PENALTY', 'BuildingType', 'BUILDING_TEST3',	'ARGTYPE_IDENTITY'),
	('BUILDING_TEST1_BUILDINGTEST3_SCIENCE_PENALTY', 'YieldType', 	'YIELD_SCIENCE',	'ARGTYPE_IDENTITY'),
	('BUILDING_TEST1_BUILDINGTEST3_SCIENCE_PENALTY', 'Amount', 		'-30', 				'ARGTYPE_IDENTITY'),
	-- decrease by 20% in T2
	('BUILDING_TEST2_BUILDINGTEST2_SCIENCE_PENALTY', 'BuildingType', 'BUILDING_TEST2',	'ARGTYPE_IDENTITY'),
	('BUILDING_TEST2_BUILDINGTEST2_SCIENCE_PENALTY', 'YieldType', 	'YIELD_SCIENCE',	'ARGTYPE_IDENTITY'),
	('BUILDING_TEST2_BUILDINGTEST2_SCIENCE_PENALTY', 'Amount', 		'-20', 				'ARGTYPE_IDENTITY'),
	-- decrease by 10% in T1
	('BUILDING_TEST3_BUILDINGTEST1_SCIENCE_PENALTY', 'BuildingType', 'BUILDING_TEST1',	'ARGTYPE_IDENTITY'),
	('BUILDING_TEST3_BUILDINGTEST1_SCIENCE_PENALTY', 'YieldType', 	'YIELD_SCIENCE',	'ARGTYPE_IDENTITY'),
	('BUILDING_TEST3_BUILDINGTEST1_SCIENCE_PENALTY', 'Amount', 		'-10', 				'ARGTYPE_IDENTITY');
	
INSERT INTO BuildingModifiers (BuildingType, ModifierId)
VALUES
	('BUILDING_TEST1','BUILDING_TEST1_BUILDINGTEST3_SCIENCE_PENALTY'),
	('BUILDING_TEST2','BUILDING_TEST2_BUILDINGTEST2_SCIENCE_PENALTY'),
	('BUILDING_TEST3','BUILDING_TEST3_BUILDINGTEST1_SCIENCE_PENALTY');
*/