--------------------------------------------------------------
-- Real Balanced Pantheons
-- Author: Infixo
-- 2019-04-05: Created
--------------------------------------------------------------

/* distribution
							A:759	B:806	C:691
Charming+ 					1:1.9	1:2.1	1:1.8
Breathtaking+				1:4.7	1:5.7	1:4.7
nothing, no mount			1:2.4	1:2.3	1:2.4
nothing, no mount, no river	1:2.9	1:3.0	1:3.0
river						1:4.4	1:4.1	1:4.1
river, nothing				1:11	1:11	1:9
river, nothing, no-mount	1:14	1:13	1:11
river, flatland				1:6.4	1:5.5	1:5.7
river, flatland, nothing  	1:22	1:18	1:16

*/



-- already exists
-- CLASS_GODDESS_OF_FESTIVALS
-- CLASS_ORAL_TRADITION

INSERT INTO Tags (Tag, Vocabulary) VALUES
('CLASS_GOD_OF_THE_OPEN_SKY', 'RESOURCE_CLASS'),
('CLASS_GOD_OF_THE_SEA',      'RESOURCE_CLASS'),
('CLASS_GODDESS_OF_THE_HUNT', 'RESOURCE_CLASS'),
('CLASS_SUN_GOD',             'RESOURCE_CLASS'),
('CLASS_STONE_CIRCLES',       'RESOURCE_CLASS'),
('CLASS_RELIGIOUS_IDOLS',     'RESOURCE_CLASS');

INSERT INTO TypeTags (Type, Tag) SELECT ResourceType, 'CLASS_GOD_OF_THE_OPEN_SKY' FROM Improvement_ValidResources WHERE ImprovementType = 'IMPROVEMENT_PASTURE';
INSERT INTO TypeTags (Type, Tag) SELECT ResourceType, 'CLASS_GOD_OF_THE_SEA'      FROM Improvement_ValidResources WHERE ImprovementType = 'IMPROVEMENT_FISHING_BOATS';
INSERT INTO TypeTags (Type, Tag) SELECT ResourceType, 'CLASS_GODDESS_OF_THE_HUNT' FROM Improvement_ValidResources WHERE ImprovementType = 'IMPROVEMENT_CAMP'; 
INSERT INTO TypeTags (Type, Tag) SELECT ResourceType, 'CLASS_SUN_GOD'             FROM Improvement_ValidResources WHERE ImprovementType = 'IMPROVEMENT_FARM';
INSERT INTO TypeTags (Type, Tag) SELECT ResourceType, 'CLASS_STONE_CIRCLES'       FROM Improvement_ValidResources WHERE ImprovementType = 'IMPROVEMENT_QUARRY';
INSERT INTO TypeTags (Type, Tag) SELECT ResourceType, 'CLASS_RELIGIOUS_IDOLS'     FROM Improvement_ValidResources WHERE ImprovementType = 'IMPROVEMENT_MINE'
									AND ResourceType IN (SELECT ResourceType FROM Resources WHERE ResourceClassType = 'RESOURCECLASS_LUXURY' OR ResourceClassType = 'RESOURCECLASS_BONUS');



-- some re-usable requirements
/*
Working (tested)
REQUIREMENT_PLOT_ADJACENT_TO_RIVER -- this is actually IsRiver()
REQUIREMENT_PLOT_IS_HILLS
REQUIREMENT_PLOT_IS_MOUNTAIN
REQUIREMENT_PLOT_TERRAIN_TYPE_MATCHES
REQUIREMENT_PLOT_FEATURE_TYPE_MATCHES
REQUIREMENT_PLOT_RESOURCE_TYPE_MATCHES
REQUIREMENT_PLOT_RESOURCE_TAG_MATCHES
REQUIREMENT_PLOT_RESOURCE_CLASS_TYPE_MATCHES
REQUIREMENT_PLOT_ADJACENT_DISTRICT_TYPE_MATCHES

Not tested
REQUIREMENT_PLOT_ADJACENT_TERRAIN_TYPE_MATCHES
REQUIREMENT_PLOT_ADJACENT_FEATURE_TYPE_MATCHES
REQUIREMENT_PLOT_ADJACENT_RESOURCE_CLASS_TYPE_MATCHES
REQUIREMENT_PLOT_HAS_ANY_RESOURCE
REQUIREMENT_CITY_HAS_FEATURE
REQUIREMENT_CITY_HAS_X_FEATURE_TYPE

Not working (ignored or always true)
REQUIREMENT_GAME_ERA_IS - ignored
REQUIREMENT_PLOT_IS_LAKE -- not working
REQUIREMENT_PLOT_TERRAIN_CLASS_MATCHES -- not working
REQUIREMENT_PLOT_HAS_ANY_FEATURE - not working
REQUIREMENT_PLOT_FEATURE_TAG_MATCHES - not working
REQUIREMENT_PLOT_RESOURCE_VISIBLE - not working
*/

INSERT INTO Requirements (RequirementId, RequirementType, Inverse) VALUES
('REQUIRES_PLOT_NOT_ADJACENT_TO_RIVER', 'REQUIREMENT_PLOT_ADJACENT_TO_RIVER', 1);

INSERT OR REPLACE INTO Requirements (RequirementId, RequirementType, Inverse) VALUES
('REQUIRES_ERA_IS_ANCIENT',  'REQUIREMENT_GAME_ERA_IS', 0),
('REQUIRES_ERA_NOT_ANCIENT', 'REQUIREMENT_GAME_ERA_IS', 1);

INSERT OR REPLACE INTO RequirementArguments (RequirementId, Name, Value) VALUES
('REQUIRES_ERA_IS_ANCIENT',  'EraType', 'ERA_ANCIENT'),
('REQUIRES_ERA_NOT_ANCIENT', 'EraType', 'ERA_ANCIENT');

-- Requirement: city follows a pantheon and era is Ancient
INSERT INTO RequirementSets (RequirementSetId, RequirementSetType)		 VALUES ('REQUIREMENTS_CITY_FOLLOWS_PANTHEON_ANCIENT', 'REQUIREMENTSET_TEST_ALL');
INSERT INTO RequirementSetRequirements (RequirementSetId, RequirementId) VALUES ('REQUIREMENTS_CITY_FOLLOWS_PANTHEON_ANCIENT', 'REQUIRES_CITY_FOLLOWS_PANTHEON');
INSERT INTO RequirementSetRequirements (RequirementSetId, RequirementId) VALUES ('REQUIREMENTS_CITY_FOLLOWS_PANTHEON_ANCIENT', 'REQUIRES_ERA_IS_ANCIENT');

-- Requirement: city follows a pantheon and era is NOT Ancient
INSERT INTO RequirementSets (RequirementSetId, RequirementSetType)		 VALUES ('REQUIREMENTS_CITY_FOLLOWS_PANTHEON_NOT_ANCIENT', 'REQUIREMENTSET_TEST_ALL');
INSERT INTO RequirementSetRequirements (RequirementSetId, RequirementId) VALUES ('REQUIREMENTS_CITY_FOLLOWS_PANTHEON_NOT_ANCIENT', 'REQUIRES_CITY_FOLLOWS_PANTHEON');
INSERT INTO RequirementSetRequirements (RequirementSetId, RequirementId) VALUES ('REQUIREMENTS_CITY_FOLLOWS_PANTHEON_NOT_ANCIENT', 'REQUIRES_ERA_NOT_ANCIENT');




/*
INSERT INTO Requirements (RequirementId, RequirementType, Inverse) VALUES
('REQUIRES_PLOT_HAS_NO_VISIBLE_RESOURCE', 'REQUIREMENT_PLOT_RESOURCE_VISIBLE', 1);

INSERT INTO Requirements (RequirementId, RequirementType, Inverse) VALUES
('REQUIRES_PLOT_HAS_NO_FEATURE', 'REQUIREMENT_PLOT_HAS_ANY_FEATURE', 1);
*/

-- new dynamic modifiers

--INSERT OR REPLACE INTO Types (Type, Kind) VALUES
--('MODIFIER_ALL_CITIES_ADJUST_CITY_YIELD_PER_POPULATION', 'KIND_MODIFIER');

--INSERT OR REPLACE INTO DynamicModifiers (ModifierType, CollectionType, EffectType) VALUES
--('MODIFIER_ALL_CITIES_ADJUST_CITY_YIELD_PER_POPULATION', 'COLLECTION_ALL_CITIES', 'EFFECT_ADJUST_CITY_YIELD_PER_POPULATION');

INSERT OR REPLACE INTO Types (Type, Kind) VALUES
('MODIFIER_ALL_CITIES_ADJUST_BUILDING_YIELD_CHANGE', 'KIND_MODIFIER'),
('MODIFIER_ALL_CITIES_ADJUST_BUILDING_HOUSING',      'KIND_MODIFIER');

INSERT OR REPLACE INTO DynamicModifiers (ModifierType, CollectionType, EffectType) VALUES
('MODIFIER_ALL_CITIES_ADJUST_BUILDING_YIELD_CHANGE', 'COLLECTION_ALL_CITIES', 'EFFECT_ADJUST_BUILDING_YIELD_CHANGE'),
('MODIFIER_ALL_CITIES_ADJUST_BUILDING_HOUSING',      'COLLECTION_ALL_CITIES', 'EFFECT_ADJUST_BUILDING_HOUSING');

/*
-- Requirements for a plot to have a specific resource

INSERT OR REPLACE INTO Requirements (RequirementId, RequirementType)
SELECT 'REQUIRES_PLOT_HAS_'||ResourceType, 'REQUIREMENT_PLOT_RESOURCE_TYPE_MATCHES'
FROM Resources;

INSERT OR REPLACE INTO RequirementArguments (RequirementId, Name, Value)
SELECT 'REQUIRES_PLOT_HAS_'||ResourceType, 'ResourceType', ResourceType
FROM Resources;
*/

-- Requirements for a plot to be a specific terrain
-- REQUIRES_PLOT_HAS_TUNDRA
-- REQUIRES_PLOT_HAS_TUNDRA_HILLS
-- PLOT_IS_TUNDRA_HILLS_TERRAIN_REQUIREMENT
-- PLOT_IS_GRASS_HILLS_TERRAIN_REQUIREMENT
-- PLOT_IS_PLAINS_HILLS_TERRAIN_REQUIREMENT
-- PLOT_IS_HILLS_REQUIREMENT (REQUIREMENT_PLOT_IS_HILLS)
-- REQUIRES_PLOT_IS_FLAT (REQUIREMENT_PLOT_IS_HILLS)
-- PLOT_IS_MOUNTAIN	REQUIREMENT_PLOT_IS_MOUNTAIN


INSERT OR REPLACE INTO Requirements (RequirementId, RequirementType, Inverse) VALUES
('REQUIRES_PLOT_IS_HILLS',  'REQUIREMENT_PLOT_IS_HILLS', 0),
('REQUIRES_PLOT_NOT_HILLS', 'REQUIREMENT_PLOT_IS_HILLS', 1),
('REQUIRES_PLOT_IS_MOUNTAIN',  'REQUIREMENT_PLOT_IS_MOUNTAIN', 0),
('REQUIRES_PLOT_NOT_MOUNTAIN', 'REQUIREMENT_PLOT_IS_MOUNTAIN', 1);

/*
INSERT OR REPLACE INTO Requirements (RequirementId, RequirementType)
SELECT 'REQUIRES_PLOT_IS_'||TerrainType, 'REQUIREMENT_PLOT_TERRAIN_TYPE_MATCHES'
FROM Terrains;

INSERT OR REPLACE INTO RequirementArguments (RequirementId, Name, Value)
SELECT 'REQUIRES_PLOT_IS_'||TerrainType, 'TerrainType', TerrainType
FROM Terrains;
*/



--------------------------------------------------------------
-- BELIEF_FERTILITY_RITES
-- Add +1 Food from Palace (in Ancient)

-- Base belief changed to +15% growth (from +10%)
UPDATE ModifierArguments SET Value = 15 WHERE ModifierId = 'FERTILITY_RITES_GROWTH';

INSERT INTO BeliefModifiers (BeliefType, ModifierId) VALUES
('BELIEF_FERTILITY_RITES', 'FERTILITY_RITES_PALACE_HOUSING'),
('BELIEF_FERTILITY_RITES', 'FERTILITY_RITES_PALACE_FOOD');

INSERT INTO Modifiers(ModifierId, ModifierType, SubjectRequirementSetId) VALUES
('FERTILITY_RITES_PALACE_HOUSING', 'MODIFIER_ALL_CITIES_ADJUST_BUILDING_HOUSING',      'CITY_FOLLOWS_PANTHEON_REQUIREMENTS'),
('FERTILITY_RITES_PALACE_FOOD',    'MODIFIER_ALL_CITIES_ADJUST_BUILDING_YIELD_CHANGE', 'CITY_FOLLOWS_PANTHEON_REQUIREMENTS');

INSERT INTO ModifierArguments (ModifierId, Name, Value) VALUES
('FERTILITY_RITES_PALACE_HOUSING', 'Amount', '1'),
('FERTILITY_RITES_PALACE_FOOD', 'BuildingType', 'BUILDING_PALACE'),
('FERTILITY_RITES_PALACE_FOOD', 'YieldType',    'YIELD_FOOD'),
('FERTILITY_RITES_PALACE_FOOD', 'Amount',       '1');



--------------------------------------------------------------
-- BELIEF_RELIGIOUS_SETTLEMENTS
-- Still low scores. Make 25% in ancient, 15% later
UPDATE ModifierArguments SET Value = 20 WHERE ModifierId = 'RELIGIOUS_SETTLEMENTS_CULTUREBORDER';



--------------------------------------------------------------
-- BELIEF_GODDESS_OF_THE_HARVEST
-- Prime choice. Make it maybe 50% of it.
UPDATE ModifierArguments SET Value = 50 WHERE ModifierId = 'GODDESS_OF_THE_HARVEST_HARVEST_MODIFIER';
UPDATE ModifierArguments SET Value = 50 WHERE ModifierId = 'GODDESS_OF_THE_HARVEST_REMOVE_FEATURE_MODIFIER';


			

--------------------------------------------------------------
-- BELIEF_EARTH_GODDESS
-- Make it maybe Level=3 OR no resources are there? Check distribution on the map. Make for Breathtaking and +2 Faith.
-- River: No
-- Terrain: TERRAIN_GRASS_HILLS, TERRAIN_PLAINS_HILLS, TERRAIN_TUNDRA_HILLS
-- No: FEATURE_FOREST, FEATURE_JUNGLE, FEATURE_GEOTHERMAL_FISSURE

--UPDATE Modifiers SET SubjectRequirementSetId = 'PLOT_BREATHTAKING_APPEAL' WHERE ModifierId = 'EARTH_GODDESS_APPEAL_FAITH_MODIFIER' AND SubjectRequirementSetId = 'PLOT_CHARMING_APPEAL';
--UPDATE ModifierArguments SET Value = 2 WHERE ModifierId = 'EARTH_GODDESS_APPEAL_FAITH_MODIFIER' AND Name = 'Amount';

-- Classical: +2 Faith from plots with Breathtaking appeal
INSERT OR REPLACE INTO RequirementSets (RequirementSetId, RequirementSetType) VALUES
('PLOT_BREATHTAKING_APPEAL', 'REQUIREMENTSET_TEST_ALL');

INSERT OR REPLACE INTO RequirementSetRequirements (RequirementSetId, RequirementId) VALUES
('PLOT_BREATHTAKING_APPEAL', 'REQUIRES_PLOT_BREATHTAKING_APPEAL');

INSERT OR REPLACE INTO Requirements (RequirementId, RequirementType) VALUES
('REQUIRES_PLOT_BREATHTAKING_APPEAL', 'REQUIREMENT_PLOT_IS_APPEAL_BETWEEN');

INSERT OR REPLACE INTO RequirementArguments (RequirementId, Name, Value) VALUES
('REQUIRES_PLOT_BREATHTAKING_APPEAL', 'MinimumAppeal', 4),
('REQUIRES_PLOT_BREATHTAKING_APPEAL', 'MaximumAppeal', 9);

-- Ancient: +1 Faith from non-mountain land plots that are not adjacent to a river and have no visible resource nor feature

/*
-- new requirements
INSERT INTO TerrainClasses (TerrainClassType, Name) VALUES
('TERRAIN_CLASS_EARTH_GODDESS', 'LOC_TERRAIN_CLASS_EARTH_GODDESS_NAME');

INSERT INTO TerrainClass_Terrains (TerrainClassType, TerrainType)
SELECT 'TERRAIN_CLASS_EARTH_GODDESS', TerrainType
FROM Terrains
WHERE Water = 0 AND Mountain = 0;

INSERT INTO Requirements (RequirementId, RequirementType) VALUES
('REQUIRES_TERRAIN_CLASS_EARTH_GODDESS', 'REQUIREMENT_PLOT_TERRAIN_CLASS_MATCHES');

INSERT INTO RequirementArguments (RequirementId, Name, Value) VALUES
('REQUIRES_TERRAIN_CLASS_EARTH_GODDESS', 'TerrainClass', 'TERRAIN_CLASS_EARTH_GODDESS');
*/

-- belief modifier
UPDATE BeliefModifiers SET ModifierId = 'EARTH_GODDESS_TERRAIN_FAITH' WHERE BeliefType = 'BELIEF_EARTH_GODDESS' AND ModifierId = 'EARTH_GODDESS_APPEAL_FAITH';

INSERT INTO Modifiers(ModifierId, ModifierType, SubjectRequirementSetId) VALUES
('EARTH_GODDESS_TERRAIN_FAITH',          'MODIFIER_ALL_CITIES_ATTACH_MODIFIER',         'CITY_FOLLOWS_PANTHEON_REQUIREMENTS'),
('EARTH_GODDESS_TERRAIN_FAITH_MODIFIER', 'MODIFIER_CITY_PLOT_YIELDS_ADJUST_PLOT_YIELD', 'REQUIREMENTS_EARTH_GODDESS_TERRAIN_FAITH');

INSERT INTO ModifierArguments (ModifierId, Name, Value) VALUES
('EARTH_GODDESS_TERRAIN_FAITH', 'ModifierId', 'EARTH_GODDESS_TERRAIN_FAITH_MODIFIER'),
('EARTH_GODDESS_TERRAIN_FAITH_MODIFIER', 'YieldType', 'YIELD_FAITH'),
('EARTH_GODDESS_TERRAIN_FAITH_MODIFIER', 'Amount',    '1');

INSERT INTO RequirementSets (RequirementSetId, RequirementSetType) VALUES
('REQUIREMENTS_EARTH_GODDESS_TERRAIN_FAITH', 'REQUIREMENTSET_TEST_ALL');

INSERT INTO RequirementSetRequirements (RequirementSetId, RequirementId) VALUES
--('REQUIREMENTS_EARTH_GODDESS_TERRAIN_FAITH', 'REQUIRES_TERRAIN_CLASS_EARTH_GODDESS'),
('REQUIREMENTS_EARTH_GODDESS_TERRAIN_FAITH', 'REQUIRES_PLOT_NOT_ADJACENT_TO_RIVER'),
--('REQUIREMENTS_EARTH_GODDESS_TERRAIN_FAITH', 'REQUIRES_PLOT_HAS_NO_FEATURE');
--('REQUIREMENTS_EARTH_GODDESS_TERRAIN_FAITH', 'REQUIRES_PLOT_HAS_NO_VISIBLE_RESOURCE');
('REQUIREMENTS_EARTH_GODDESS_TERRAIN_FAITH', 'PLOT_IS_HILLS_REQUIREMENT');



--------------------------------------------------------------
-- BELIEF_RIVER_GODDESS_PLOTS
-- +1 faith from flat tiles adjacent to a river
-- River: Yes
-- Terrain: TERRAIN_TUNDRA, TERRAIN_PLAINS, TERRAIN_GRASS
-- No: FEATURE_FOREST, FEATURE_JUNGLE, FEATURE_GEOTHERMAL_FISSURE

/*
INSERT INTO TerrainClasses (TerrainClassType, Name) VALUES
('TERRAIN_CLASS_RIVER_GODDESS', 'LOC_TERRAIN_CLASS_RIVER_GODDESS_NAME');

INSERT INTO TerrainClass_Terrains (TerrainClassType, TerrainType)
SELECT 'TERRAIN_CLASS_RIVER_GODDESS', TerrainType
FROM Terrains
WHERE Water = 0 AND Mountain = 0 AND Hills = 0;

INSERT OR REPLACE INTO Requirements (RequirementId, RequirementType) VALUES
('REQUIRES_TERRAIN_CLASS_RIVER_GODDESS', 'REQUIREMENT_PLOT_TERRAIN_CLASS_MATCHES');

INSERT OR REPLACE INTO RequirementArguments (RequirementId, Name, Value) VALUES
('REQUIRES_TERRAIN_CLASS_RIVER_GODDESS', 'TerrainClass', 'TERRAIN_CLASS_RIVER_GODDESS');
*/

INSERT INTO Types (Type, Kind) VALUES
('BELIEF_RIVER_GODDESS_PLOTS', 'KIND_BELIEF');

INSERT INTO Beliefs (BeliefType, Name, Description, BeliefClassType) VALUES
('BELIEF_RIVER_GODDESS_PLOTS', 'LOC_BELIEF_RIVER_GODDESS_PLOTS_NAME', 'LOC_BELIEF_RIVER_GODDESS_PLOTS_DESCRIPTION', 'BELIEF_CLASS_PANTHEON');

INSERT INTO BeliefModifiers (BeliefType, ModifierId) VALUES
('BELIEF_RIVER_GODDESS_PLOTS', 'RIVER_GODDESS_PLOTS_FAITH');

INSERT INTO Modifiers(ModifierId, ModifierType, SubjectRequirementSetId) VALUES
('RIVER_GODDESS_PLOTS_FAITH',          'MODIFIER_ALL_CITIES_ATTACH_MODIFIER',         'CITY_FOLLOWS_PANTHEON_REQUIREMENTS'),
('RIVER_GODDESS_PLOTS_FAITH_MODIFIER', 'MODIFIER_CITY_PLOT_YIELDS_ADJUST_PLOT_YIELD', 'REQUIREMENTS_RIVER_GODDESS_PLOTS');

INSERT INTO ModifierArguments (ModifierId, Name, Value) VALUES
('RIVER_GODDESS_PLOTS_FAITH', 'ModifierId', 'RIVER_GODDESS_PLOTS_FAITH_MODIFIER'),
('RIVER_GODDESS_PLOTS_FAITH_MODIFIER', 'YieldType', 'YIELD_FAITH'),
('RIVER_GODDESS_PLOTS_FAITH_MODIFIER', 'Amount',    '1');

INSERT INTO RequirementSets (RequirementSetId, RequirementSetType) VALUES
('REQUIREMENTS_RIVER_GODDESS_PLOTS', 'REQUIREMENTSET_TEST_ALL');

INSERT INTO RequirementSetRequirements (RequirementSetId, RequirementId) VALUES
--('REQUIREMENTS_RIVER_GODDESS_PLOTS', 'REQUIRES_TERRAIN_CLASS_RIVER_GODDESS'),
('REQUIREMENTS_RIVER_GODDESS_PLOTS', 'REQUIRES_PLOT_NOT_HILLS'),
('REQUIREMENTS_RIVER_GODDESS_PLOTS', 'REQUIRES_PLOT_NOT_MOUNTAIN'),
('REQUIREMENTS_RIVER_GODDESS_PLOTS', 'REQUIRES_PLOT_ADJACENT_TO_RIVER');
--('REQUIREMENTS_RIVER_GODDESS_PLOTS', 'REQUIRES_PLOT_HAS_NO_RESOURCE');

--INSERT INTO Requirements (RequirementId, RequirementType, Inverse) VALUES
--('REQUIRES_PLOT_HAS_NO_RESOURCE', 'REQUIREMENT_PLOT_HAS_ANY_RESOURCE', 1);



--------------------------------------------------------------
-- BELIEF_GOD_OF_THE_SEA
-- +1 Production from Fishing Boats resources

-- Base belief valid after Ancient era
UPDATE Modifiers SET SubjectRequirementSetId = 'REQUIREMENTS_CITY_FOLLOWS_PANTHEON_NOT_ANCIENT' WHERE ModifierId = 'GOD_OF_THE_SEA_FISHINGBOATS_PRODUCTION';

--INSERT INTO Types (Type, Kind) VALUES
--('BELIEF_GOD_OF_THE_SEA_RESOURCES', 'KIND_BELIEF');

--INSERT INTO Beliefs (BeliefType, Name, Description, BeliefClassType) VALUES
--('BELIEF_GOD_OF_THE_SEA_RESOURCES', 'LOC_BELIEF_GOD_OF_THE_SEA_RESOURCES_NAME', 'LOC_BELIEF_GOD_OF_THE_SEA_RESOURCES_DESCRIPTION', 'BELIEF_CLASS_PANTHEON');

INSERT INTO BeliefModifiers (BeliefType, ModifierId) VALUES
('BELIEF_GOD_OF_THE_SEA', 'GOD_OF_THE_SEA_RESOURCES_PRODUCTION');

INSERT INTO Modifiers(ModifierId, ModifierType, SubjectRequirementSetId) VALUES
('GOD_OF_THE_SEA_RESOURCES_PRODUCTION',          'MODIFIER_ALL_CITIES_ATTACH_MODIFIER',         'REQUIREMENTS_CITY_FOLLOWS_PANTHEON_ANCIENT'),
('GOD_OF_THE_SEA_RESOURCES_PRODUCTION_MODIFIER', 'MODIFIER_CITY_PLOT_YIELDS_ADJUST_PLOT_YIELD', 'REQUIREMENTS_GOD_OF_THE_SEA_RESOURCES');

INSERT INTO ModifierArguments (ModifierId, Name, Value) VALUES
('GOD_OF_THE_SEA_RESOURCES_PRODUCTION', 'ModifierId', 'GOD_OF_THE_SEA_RESOURCES_PRODUCTION_MODIFIER'),
('GOD_OF_THE_SEA_RESOURCES_PRODUCTION_MODIFIER', 'YieldType', 'YIELD_PRODUCTION'),
('GOD_OF_THE_SEA_RESOURCES_PRODUCTION_MODIFIER', 'Amount',    '1');

-- Requirement: plot has a resource with a specific tag
INSERT INTO RequirementSets (RequirementSetId, RequirementSetType)		 VALUES ('REQUIREMENTS_GOD_OF_THE_SEA_RESOURCES', 'REQUIREMENTSET_TEST_ALL');
INSERT INTO RequirementSetRequirements (RequirementSetId, RequirementId) VALUES ('REQUIREMENTS_GOD_OF_THE_SEA_RESOURCES', 'REQUIRES_PLOT_HAS_TAG_GOD_OF_THE_SEA');
INSERT INTO Requirements (RequirementId, RequirementType)				 VALUES ('REQUIRES_PLOT_HAS_TAG_GOD_OF_THE_SEA',  'REQUIREMENT_PLOT_RESOURCE_TAG_MATCHES');
INSERT INTO RequirementArguments (RequirementId, Name, Value)			 VALUES ('REQUIRES_PLOT_HAS_TAG_GOD_OF_THE_SEA',  'Tag', 'CLASS_GOD_OF_THE_SEA');


--------------------------------------------------------------
-- BELIEF_GOD_OF_THE_OPEN_SKY
-- +1 Culture from Pasture resources

-- Base belief valid after Ancient era
UPDATE Modifiers SET SubjectRequirementSetId = 'REQUIREMENTS_CITY_FOLLOWS_PANTHEON_NOT_ANCIENT' WHERE ModifierId = 'GOD_OF_THE_OPEN_SKY_PASTURE_CULTURE';

--INSERT INTO Types (Type, Kind) VALUES
--('BELIEF_GOD_OF_THE_OPEN_SKY_RESOURCES', 'KIND_BELIEF');

--INSERT INTO Beliefs (BeliefType, Name, Description, BeliefClassType) VALUES
--('BELIEF_GOD_OF_THE_OPEN_SKY_RESOURCES', 'LOC_BELIEF_GOD_OF_THE_OPEN_SKY_RESOURCES_NAME', 'LOC_BELIEF_GOD_OF_THE_OPEN_SKY_RESOURCES_DESCRIPTION', 'BELIEF_CLASS_PANTHEON');

INSERT INTO BeliefModifiers (BeliefType, ModifierId) VALUES
('BELIEF_GOD_OF_THE_OPEN_SKY', 'GOD_OF_THE_OPEN_SKY_RESOURCES_CULTURE');

INSERT INTO Modifiers(ModifierId, ModifierType, SubjectRequirementSetId) VALUES
('GOD_OF_THE_OPEN_SKY_RESOURCES_CULTURE',          'MODIFIER_ALL_CITIES_ATTACH_MODIFIER',         'REQUIREMENTS_CITY_FOLLOWS_PANTHEON_ANCIENT'),
('GOD_OF_THE_OPEN_SKY_RESOURCES_CULTURE_MODIFIER', 'MODIFIER_CITY_PLOT_YIELDS_ADJUST_PLOT_YIELD', 'REQUIREMENTS_GOD_OF_THE_OPEN_SKY_RESOURCES');

INSERT INTO ModifierArguments (ModifierId, Name, Value) VALUES
('GOD_OF_THE_OPEN_SKY_RESOURCES_CULTURE', 'ModifierId', 'GOD_OF_THE_OPEN_SKY_RESOURCES_CULTURE_MODIFIER'),
('GOD_OF_THE_OPEN_SKY_RESOURCES_CULTURE_MODIFIER', 'YieldType', 'YIELD_CULTURE'),
('GOD_OF_THE_OPEN_SKY_RESOURCES_CULTURE_MODIFIER', 'Amount',    '1');

-- Requirement: plot has a resource with a specific tag
INSERT INTO RequirementSets (RequirementSetId, RequirementSetType)		 VALUES ('REQUIREMENTS_GOD_OF_THE_OPEN_SKY_RESOURCES', 'REQUIREMENTSET_TEST_ALL');
INSERT INTO RequirementSetRequirements (RequirementSetId, RequirementId) VALUES ('REQUIREMENTS_GOD_OF_THE_OPEN_SKY_RESOURCES', 'REQUIRES_PLOT_HAS_TAG_GOD_OF_THE_OPEN_SKY');
INSERT INTO Requirements (RequirementId, RequirementType)				 VALUES ('REQUIRES_PLOT_HAS_TAG_GOD_OF_THE_OPEN_SKY',  'REQUIREMENT_PLOT_RESOURCE_TAG_MATCHES');
INSERT INTO RequirementArguments (RequirementId, Name, Value)			 VALUES ('REQUIRES_PLOT_HAS_TAG_GOD_OF_THE_OPEN_SKY',  'Tag', 'CLASS_GOD_OF_THE_OPEN_SKY');



--------------------------------------------------------------
-- BELIEF_GODDESS_OF_THE_HUNT
-- +2 Food from Camp resources

-- Base belief changed to +2 Food (from +1)
UPDATE ModifierArguments SET Value = 2 WHERE ModifierId = 'GODDESS_OF_THE_HUNT_CAMP_FOOD_MODIFIER' AND Name = 'Amount';

-- Base belief valid after Ancient era
UPDATE Modifiers SET SubjectRequirementSetId = 'REQUIREMENTS_CITY_FOLLOWS_PANTHEON_NOT_ANCIENT' WHERE ModifierId = 'GODDESS_OF_THE_HUNT_CAMP_FOOD';

--INSERT INTO Types (Type, Kind) VALUES
--('BELIEF_GODDESS_OF_THE_HUNT_RESOURCES', 'KIND_BELIEF');

--INSERT INTO Beliefs (BeliefType, Name, Description, BeliefClassType) VALUES
--('BELIEF_GODDESS_OF_THE_HUNT_RESOURCES', 'LOC_BELIEF_GODDESS_OF_THE_HUNT_RESOURCES_NAME', 'LOC_BELIEF_GODDESS_OF_THE_HUNT_RESOURCES_DESCRIPTION', 'BELIEF_CLASS_PANTHEON');

INSERT INTO BeliefModifiers (BeliefType, ModifierId) VALUES
('BELIEF_GODDESS_OF_THE_HUNT', 'GODDESS_OF_THE_HUNT_RESOURCES_FOOD');

INSERT INTO Modifiers(ModifierId, ModifierType, SubjectRequirementSetId) VALUES
('GODDESS_OF_THE_HUNT_RESOURCES_FOOD',          'MODIFIER_ALL_CITIES_ATTACH_MODIFIER',         'REQUIREMENTS_CITY_FOLLOWS_PANTHEON_ANCIENT'),
('GODDESS_OF_THE_HUNT_RESOURCES_FOOD_MODIFIER', 'MODIFIER_CITY_PLOT_YIELDS_ADJUST_PLOT_YIELD', 'REQUIREMENTS_GODDESS_OF_THE_HUNT_RESOURCES');

INSERT INTO ModifierArguments (ModifierId, Name, Value) VALUES
('GODDESS_OF_THE_HUNT_RESOURCES_FOOD', 'ModifierId', 'GODDESS_OF_THE_HUNT_RESOURCES_FOOD_MODIFIER'),
('GODDESS_OF_THE_HUNT_RESOURCES_FOOD_MODIFIER', 'YieldType', 'YIELD_FOOD'),
('GODDESS_OF_THE_HUNT_RESOURCES_FOOD_MODIFIER', 'Amount',    '2');

-- Requirement: plot has a resource with a specific tag
INSERT INTO RequirementSets (RequirementSetId, RequirementSetType)		 VALUES ('REQUIREMENTS_GODDESS_OF_THE_HUNT_RESOURCES', 'REQUIREMENTSET_TEST_ALL');
INSERT INTO RequirementSetRequirements (RequirementSetId, RequirementId) VALUES ('REQUIREMENTS_GODDESS_OF_THE_HUNT_RESOURCES', 'REQUIRES_PLOT_HAS_TAG_GODDESS_OF_THE_HUNT');
INSERT INTO Requirements (RequirementId, RequirementType)				 VALUES ('REQUIRES_PLOT_HAS_TAG_GODDESS_OF_THE_HUNT',  'REQUIREMENT_PLOT_RESOURCE_TAG_MATCHES');
INSERT INTO RequirementArguments (RequirementId, Name, Value)			 VALUES ('REQUIRES_PLOT_HAS_TAG_GODDESS_OF_THE_HUNT',  'Tag', 'CLASS_GODDESS_OF_THE_HUNT');



--------------------------------------------------------------
-- BELIEF_STONE_CIRCLES
-- +2 Faith from Quarry resources

-- Base belief valid after Ancient era
UPDATE Modifiers SET SubjectRequirementSetId = 'REQUIREMENTS_CITY_FOLLOWS_PANTHEON_NOT_ANCIENT' WHERE ModifierId = 'STONE_CIRCLES_QUARRY_FAITH';

--INSERT INTO Types (Type, Kind) VALUES
--('BELIEF_STONE_CIRCLES_RESOURCES', 'KIND_BELIEF');

--INSERT INTO Beliefs (BeliefType, Name, Description, BeliefClassType) VALUES
--('BELIEF_STONE_CIRCLES_RESOURCES', 'LOC_BELIEF_STONE_CIRCLES_RESOURCES_NAME', 'LOC_BELIEF_STONE_CIRCLES_RESOURCES_DESCRIPTION', 'BELIEF_CLASS_PANTHEON');

INSERT INTO BeliefModifiers (BeliefType, ModifierId) VALUES
('BELIEF_STONE_CIRCLES', 'STONE_CIRCLES_RESOURCES_FAITH');

INSERT INTO Modifiers(ModifierId, ModifierType, SubjectRequirementSetId) VALUES
('STONE_CIRCLES_RESOURCES_FAITH',          'MODIFIER_ALL_CITIES_ATTACH_MODIFIER',         'REQUIREMENTS_CITY_FOLLOWS_PANTHEON_ANCIENT'),
('STONE_CIRCLES_RESOURCES_FAITH_MODIFIER', 'MODIFIER_CITY_PLOT_YIELDS_ADJUST_PLOT_YIELD', 'REQUIREMENTS_STONE_CIRCLES_RESOURCES');

INSERT INTO ModifierArguments (ModifierId, Name, Value) VALUES
('STONE_CIRCLES_RESOURCES_FAITH', 'ModifierId', 'STONE_CIRCLES_RESOURCES_FAITH_MODIFIER'),
('STONE_CIRCLES_RESOURCES_FAITH_MODIFIER', 'YieldType', 'YIELD_FAITH'),
('STONE_CIRCLES_RESOURCES_FAITH_MODIFIER', 'Amount',    '2');

-- Requirement: plot has a resource with a specific tag
INSERT INTO RequirementSets (RequirementSetId, RequirementSetType)		 VALUES ('REQUIREMENTS_STONE_CIRCLES_RESOURCES', 'REQUIREMENTSET_TEST_ALL');
INSERT INTO RequirementSetRequirements (RequirementSetId, RequirementId) VALUES ('REQUIREMENTS_STONE_CIRCLES_RESOURCES', 'REQUIRES_PLOT_HAS_TAG_STONE_CIRCLES');
INSERT INTO Requirements (RequirementId, RequirementType)				 VALUES ('REQUIRES_PLOT_HAS_TAG_STONE_CIRCLES',  'REQUIREMENT_PLOT_RESOURCE_TAG_MATCHES');
INSERT INTO RequirementArguments (RequirementId, Name, Value)			 VALUES ('REQUIRES_PLOT_HAS_TAG_STONE_CIRCLES',  'Tag', 'CLASS_STONE_CIRCLES');



--------------------------------------------------------------
-- BELIEF_RELIGIOUS_IDOLS
-- +2 Faith from Mines over Luxury and Bonus resources.

-- Base belief valid after Ancient era
UPDATE Modifiers SET SubjectRequirementSetId = 'REQUIREMENTS_CITY_FOLLOWS_PANTHEON_NOT_ANCIENT' WHERE ModifierId = 'RELIGIOUS_IDOLS_BONUS_MINE_FAITH';
UPDATE Modifiers SET SubjectRequirementSetId = 'REQUIREMENTS_CITY_FOLLOWS_PANTHEON_NOT_ANCIENT' WHERE ModifierId = 'RELIGIOUS_IDOLS_LUXURY_MINE_FAITH';

--INSERT INTO Types (Type, Kind) VALUES
--('BELIEF_RELIGIOUS_IDOLS_RESOURCES', 'KIND_BELIEF');

--INSERT INTO Beliefs (BeliefType, Name, Description, BeliefClassType) VALUES
--('BELIEF_RELIGIOUS_IDOLS_RESOURCES', 'LOC_BELIEF_RELIGIOUS_IDOLS_RESOURCES_NAME', 'LOC_BELIEF_RELIGIOUS_IDOLS_RESOURCES_DESCRIPTION', 'BELIEF_CLASS_PANTHEON');

INSERT INTO BeliefModifiers (BeliefType, ModifierId) VALUES
('BELIEF_RELIGIOUS_IDOLS', 'RELIGIOUS_IDOLS_RESOURCES_FAITH');

INSERT INTO Modifiers(ModifierId, ModifierType, SubjectRequirementSetId) VALUES
('RELIGIOUS_IDOLS_RESOURCES_FAITH',          'MODIFIER_ALL_CITIES_ATTACH_MODIFIER',         'REQUIREMENTS_CITY_FOLLOWS_PANTHEON_ANCIENT'),
('RELIGIOUS_IDOLS_RESOURCES_FAITH_MODIFIER', 'MODIFIER_CITY_PLOT_YIELDS_ADJUST_PLOT_YIELD', 'REQUIREMENTS_RELIGIOUS_IDOLS_RESOURCES');

INSERT INTO ModifierArguments (ModifierId, Name, Value) VALUES
('RELIGIOUS_IDOLS_RESOURCES_FAITH', 'ModifierId', 'RELIGIOUS_IDOLS_RESOURCES_FAITH_MODIFIER'),
('RELIGIOUS_IDOLS_RESOURCES_FAITH_MODIFIER', 'YieldType', 'YIELD_FAITH'),
('RELIGIOUS_IDOLS_RESOURCES_FAITH_MODIFIER', 'Amount',    '2');

-- Requirement: plot has a resource with a specific tag
INSERT INTO RequirementSets (RequirementSetId, RequirementSetType)		 VALUES ('REQUIREMENTS_RELIGIOUS_IDOLS_RESOURCES', 'REQUIREMENTSET_TEST_ALL');
INSERT INTO RequirementSetRequirements (RequirementSetId, RequirementId) VALUES ('REQUIREMENTS_RELIGIOUS_IDOLS_RESOURCES', 'REQUIRES_PLOT_HAS_TAG_RELIGIOUS_IDOLS');
INSERT INTO Requirements (RequirementId, RequirementType)				 VALUES ('REQUIRES_PLOT_HAS_TAG_RELIGIOUS_IDOLS',  'REQUIREMENT_PLOT_RESOURCE_TAG_MATCHES');
INSERT INTO RequirementArguments (RequirementId, Name, Value)			 VALUES ('REQUIRES_PLOT_HAS_TAG_RELIGIOUS_IDOLS',  'Tag', 'CLASS_RELIGIOUS_IDOLS');



--------------------------------------------------------------
-- BELIEF_GOD_OF_CRAFTSMEN_POPULATION
-- 0.2-0.4 prod/gold from Population
-- Valuation is always 0 for Amount < 1.0
-- Try Hills adjacent to City Center.

INSERT INTO Types (Type, Kind) VALUES
('BELIEF_GOD_OF_CRAFTSMEN_POPULATION', 'KIND_BELIEF');

INSERT INTO Beliefs (BeliefType, Name, Description, BeliefClassType) VALUES
('BELIEF_GOD_OF_CRAFTSMEN_POPULATION', 'LOC_BELIEF_GOD_OF_CRAFTSMEN_POPULATION_NAME', 'LOC_BELIEF_GOD_OF_CRAFTSMEN_POPULATION_DESCRIPTION', 'BELIEF_CLASS_PANTHEON');

INSERT INTO BeliefModifiers (BeliefType, ModifierId) VALUES
('BELIEF_GOD_OF_CRAFTSMEN_POPULATION', 'GOD_OF_CRAFTSMEN_PLOTS_PRODUCTION');
/*
INSERT INTO Modifiers(ModifierId, ModifierType, SubjectRequirementSetId) VALUES
('GOD_OF_CRAFTSMEN_POPULATION_PRODUCTION', 'MODIFIER_ALL_CITIES_ADJUST_CITY_YIELD_PER_POPULATION', 'CITY_FOLLOWS_PANTHEON_REQUIREMENTS');

INSERT INTO ModifierArguments (ModifierId, Name, Value) VALUES
('GOD_OF_CRAFTSMEN_POPULATION_PRODUCTION', 'YieldType', 'YIELD_PRODUCTION'),
('GOD_OF_CRAFTSMEN_POPULATION_PRODUCTION', 'Amount',    '0.5');
*/

INSERT INTO Modifiers(ModifierId, ModifierType, SubjectRequirementSetId) VALUES
('GOD_OF_CRAFTSMEN_PLOTS_PRODUCTION',          'MODIFIER_ALL_CITIES_ATTACH_MODIFIER',         'CITY_FOLLOWS_PANTHEON_REQUIREMENTS'),
('GOD_OF_CRAFTSMEN_PLOTS_PRODUCTION_MODIFIER', 'MODIFIER_CITY_PLOT_YIELDS_ADJUST_PLOT_YIELD', 'REQUIREMENTS_GOD_OF_CRAFTSMEN_PLOTS');

INSERT INTO ModifierArguments (ModifierId, Name, Value) VALUES
('GOD_OF_CRAFTSMEN_PLOTS_PRODUCTION', 'ModifierId', 'GOD_OF_CRAFTSMEN_PLOTS_PRODUCTION_MODIFIER'),
('GOD_OF_CRAFTSMEN_PLOTS_PRODUCTION_MODIFIER', 'YieldType', 'YIELD_PRODUCTION'),
('GOD_OF_CRAFTSMEN_PLOTS_PRODUCTION_MODIFIER', 'Amount',    '1');

-- Requirement: plot has hills and is adjacent to the city center
INSERT INTO RequirementSets (RequirementSetId, RequirementSetType)		 VALUES ('REQUIREMENTS_GOD_OF_CRAFTSMEN_PLOTS', 'REQUIREMENTSET_TEST_ALL');
INSERT INTO RequirementSetRequirements (RequirementSetId, RequirementId) VALUES ('REQUIREMENTS_GOD_OF_CRAFTSMEN_PLOTS', 'REQUIRES_PLOT_IS_HILLS');
INSERT INTO RequirementSetRequirements (RequirementSetId, RequirementId) VALUES ('REQUIREMENTS_GOD_OF_CRAFTSMEN_PLOTS', 'REQUIRES_PLOT_ADJACENT_TO_CITY_CENTER');
INSERT INTO Requirements (RequirementId, RequirementType)				 VALUES ('REQUIRES_PLOT_ADJACENT_TO_CITY_CENTER',  'REQUIREMENT_PLOT_ADJACENT_DISTRICT_TYPE_MATCHES');
INSERT INTO RequirementArguments (RequirementId, Name, Value)			 VALUES ('REQUIRES_PLOT_ADJACENT_TO_CITY_CENTER',  'DistrictType', 'DISTRICT_CITY_CENTER');


--------------------------------------------------------------
-- BELIEF_GODDESS_OF_FESTIVALS
-- +1 Food from Wine, Incense, Cocoa, Tobacco, Coffee, and Tea Plantations.

-- Base belief valid after Ancient era
UPDATE Modifiers SET SubjectRequirementSetId = 'REQUIREMENTS_CITY_FOLLOWS_PANTHEON_NOT_ANCIENT' WHERE ModifierId = 'GODDESS_OF_FESTIVALS_PLANTATION_TAG_FOOD';

INSERT INTO Types (Type, Kind) VALUES
('BELIEF_GODDESS_OF_FESTIVALS_RESOURCES', 'KIND_BELIEF');

INSERT INTO Beliefs (BeliefType, Name, Description, BeliefClassType) VALUES
('BELIEF_GODDESS_OF_FESTIVALS_RESOURCES', 'LOC_BELIEF_GODDESS_OF_FESTIVALS_IDOLS_RESOURCES_NAME', 'LOC_BELIEF_GODDESS_OF_FESTIVALS_RESOURCES_DESCRIPTION', 'BELIEF_CLASS_PANTHEON');

INSERT INTO BeliefModifiers (BeliefType, ModifierId) VALUES
('BELIEF_GODDESS_OF_FESTIVALS', 'GODDESS_OF_FESTIVALS_RESOURCES_FOOD');

INSERT INTO Modifiers(ModifierId, ModifierType, SubjectRequirementSetId) VALUES
('GODDESS_OF_FESTIVALS_RESOURCES_FOOD',          'MODIFIER_ALL_CITIES_ATTACH_MODIFIER',         'REQUIREMENTS_CITY_FOLLOWS_PANTHEON_ANCIENT'),
('GODDESS_OF_FESTIVALS_RESOURCES_FOOD_MODIFIER', 'MODIFIER_CITY_PLOT_YIELDS_ADJUST_PLOT_YIELD', 'REQUIREMENTS_GODDESS_OF_FESTIVALS_RESOURCES');

INSERT INTO ModifierArguments (ModifierId, Name, Value) VALUES
('GODDESS_OF_FESTIVALS_RESOURCES_FOOD', 'ModifierId', 'GODDESS_OF_FESTIVALS_RESOURCES_FOOD_MODIFIER'),
('GODDESS_OF_FESTIVALS_RESOURCES_FOOD_MODIFIER', 'YieldType', 'YIELD_FOOD'),
('GODDESS_OF_FESTIVALS_RESOURCES_FOOD_MODIFIER', 'Amount',    '1');

-- Requirement: plot has a resource with a specific tag
INSERT INTO RequirementSets (RequirementSetId, RequirementSetType)		 VALUES ('REQUIREMENTS_GODDESS_OF_FESTIVALS_RESOURCES', 'REQUIREMENTSET_TEST_ALL');
INSERT INTO RequirementSetRequirements (RequirementSetId, RequirementId) VALUES ('REQUIREMENTS_GODDESS_OF_FESTIVALS_RESOURCES', 'REQUIRES_PLOT_HAS_TAG_GODDESS_OF_FESTIVAL'); -- exists



--------------------------------------------------------------
-- BELIEF_ORAL_TRADITION_RESOURCES
-- +1 [ICON_Culture] Culture from [ICON_RESOURCE_BANANAS] Banana, [ICON_RESOURCE_CITRUS] Citrus, [ICON_RESOURCE_COTTON] Cotton, [ICON_RESOURCE_DYES] Dyes, [ICON_RESOURCE_SILK] Silk, [ICON_RESOURCE_SPICES] Spices, and [ICON_RESOURCE_SUGAR] Sugar Plantations.

-- Base belief valid after Ancient era
UPDATE Modifiers SET SubjectRequirementSetId = 'REQUIREMENTS_CITY_FOLLOWS_PANTHEON_NOT_ANCIENT' WHERE ModifierId = 'ORAL_TRADITION_PLANTATION_TAG_CULTURE';

--INSERT INTO Types (Type, Kind) VALUES
--('BELIEF_ORAL_TRADITION_RESOURCES', 'KIND_BELIEF');

--INSERT INTO Beliefs (BeliefType, Name, Description, BeliefClassType) VALUES
--('BELIEF_ORAL_TRADITION_RESOURCES', 'LOC_BELIEF_ORAL_TRADITION_RESOURCES_NAME', 'LOC_BELIEF_ORAL_TRADITION_RESOURCES_DESCRIPTION', 'BELIEF_CLASS_PANTHEON');

INSERT INTO BeliefModifiers (BeliefType, ModifierId) VALUES
('BELIEF_ORAL_TRADITION', 'ORAL_TRADITION_RESOURCES_CULTURE');

INSERT INTO Modifiers(ModifierId, ModifierType, SubjectRequirementSetId) VALUES
('ORAL_TRADITION_RESOURCES_CULTURE',          'MODIFIER_ALL_CITIES_ATTACH_MODIFIER',         'REQUIREMENTS_CITY_FOLLOWS_PANTHEON_ANCIENT'),
('ORAL_TRADITION_RESOURCES_CULTURE_MODIFIER', 'MODIFIER_CITY_PLOT_YIELDS_ADJUST_PLOT_YIELD', 'REQUIREMENTS_ORAL_TRADITION_RESOURCES');

INSERT INTO ModifierArguments (ModifierId, Name, Value) VALUES
('ORAL_TRADITION_RESOURCES_CULTURE', 'ModifierId', 'ORAL_TRADITION_RESOURCES_CULTURE_MODIFIER'),
('ORAL_TRADITION_RESOURCES_CULTURE_MODIFIER', 'YieldType', 'YIELD_CULTURE'),
('ORAL_TRADITION_RESOURCES_CULTURE_MODIFIER', 'Amount',    '1');

-- Requirement: plot has a resource with a specific tag
INSERT INTO RequirementSets (RequirementSetId, RequirementSetType)		 VALUES ('REQUIREMENTS_ORAL_TRADITION_RESOURCES', 'REQUIREMENTSET_TEST_ALL');
INSERT INTO RequirementSetRequirements (RequirementSetId, RequirementId) VALUES ('REQUIREMENTS_ORAL_TRADITION_RESOURCES', 'REQUIRES_PLOT_HAS_TAG_ORAL_TRADITION'); -- exists


--------------------------------------------------------------
-- BELIEF_CITY_PATRON_GODDESS
-- +25% to buildings production in cities without districts.


--------------------------------------------------------------
-- BELIEF_GOD_KING
-- God-King
-- Yields for the Palace and each each building in GovPlaza


INSERT INTO Types (Type, Kind) VALUES
('BELIEF_GOD_KING', 'KIND_BELIEF');

INSERT INTO Beliefs (BeliefType, Name, Description, BeliefClassType) VALUES
('BELIEF_GOD_KING', 'LOC_BELIEF_GOD_KING_NAME', 'LOC_BELIEF_GOD_KING_DESCRIPTION', 'BELIEF_CLASS_PANTHEON');

INSERT INTO BeliefModifiers (BeliefType, ModifierId) VALUES
('BELIEF_GOD_KING', 'GOD_KING_CULTURE_MODIFIER'),
('BELIEF_GOD_KING', 'GOD_KING_FAITH_MODIFIER'),
('BELIEF_GOD_KING', 'GOD_KING_SCIENCE_MODIFIER');

INSERT INTO Modifiers(ModifierId, ModifierType, SubjectRequirementSetId) VALUES
--('GOD_KING_CULTURE',          'MODIFIER_ALL_CITIES_ATTACH_MODIFIER',         'CITY_FOLLOWS_PANTHEON_REQUIREMENTS'),
--('GOD_KING_FAITH',          'MODIFIER_ALL_CITIES_ATTACH_MODIFIER',         'CITY_FOLLOWS_PANTHEON_REQUIREMENTS'),
--('GOD_KING_SCIENCE',          'MODIFIER_ALL_CITIES_ATTACH_MODIFIER',         'CITY_FOLLOWS_PANTHEON_REQUIREMENTS'),
('GOD_KING_CULTURE_MODIFIER', 'MODIFIER_ALL_CITIES_ADJUST_BUILDING_YIELD_CHANGE', 'CITY_FOLLOWS_PANTHEON_REQUIREMENTS'),
('GOD_KING_FAITH_MODIFIER',   'MODIFIER_ALL_CITIES_ADJUST_BUILDING_YIELD_CHANGE', 'CITY_FOLLOWS_PANTHEON_REQUIREMENTS'),
('GOD_KING_SCIENCE_MODIFIER', 'MODIFIER_ALL_CITIES_ADJUST_BUILDING_YIELD_CHANGE', 'CITY_FOLLOWS_PANTHEON_REQUIREMENTS');

INSERT INTO ModifierArguments (ModifierId, Name, Value) VALUES
--('GOD_KING_CULTURE', 'ModifierId', 'GOD_KING_CULTURE_MODIFIER'),
--('GOD_KING_FAITH',   'ModifierId', 'GOD_KING_FAITH_MODIFIER'),
--('GOD_KING_SCIENCE', 'ModifierId', 'GOD_KING_SCIENCE_MODIFIER'),
('GOD_KING_CULTURE_MODIFIER', 'BuildingType', 'BUILDING_PALACE'),
('GOD_KING_CULTURE_MODIFIER', 'YieldType',    'YIELD_CULTURE'),
('GOD_KING_CULTURE_MODIFIER', 'Amount',       '1'),
('GOD_KING_FAITH_MODIFIER', 'BuildingType', 'BUILDING_PALACE'),
('GOD_KING_FAITH_MODIFIER', 'YieldType',    'YIELD_FAITH'),
('GOD_KING_FAITH_MODIFIER', 'Amount',       '2'),
('GOD_KING_SCIENCE_MODIFIER', 'BuildingType', 'BUILDING_PALACE'),
('GOD_KING_SCIENCE_MODIFIER', 'YieldType',    'YIELD_SCIENCE'),
('GOD_KING_SCIENCE_MODIFIER', 'Amount',       '1');


--------------------------------------------------------------
-- BELIEF_ONE_WITH_NATURE
-- One with Nature
-- +1 Faith from each passable Natural Wonder tile within borders. Only Passable - they can be worked!

INSERT INTO Tags (Tag, Vocabulary) VALUES
('CLASS_ONE_WITH_NATURE', 'FEATURE_CLASS');

INSERT INTO TypeTags (Type, Tag)
SELECT FeatureType, 'CLASS_ONE_WITH_NATURE'
FROM Features
WHERE NaturalWonder = 1  AND Impassable = 0;

INSERT INTO Types (Type, Kind) VALUES
('BELIEF_ONE_WITH_NATURE', 'KIND_BELIEF');

INSERT INTO Beliefs (BeliefType, Name, Description, BeliefClassType) VALUES
('BELIEF_ONE_WITH_NATURE', 'LOC_BELIEF_ONE_WITH_NATURE_NAME', 'LOC_BELIEF_ONE_WITH_NATURE_DESCRIPTION', 'BELIEF_CLASS_PANTHEON');

INSERT INTO BeliefModifiers (BeliefType, ModifierId) VALUES
('BELIEF_ONE_WITH_NATURE', 'ONE_WITH_NATURE_FAITH');

INSERT INTO Modifiers(ModifierId, ModifierType, SubjectRequirementSetId) VALUES
('ONE_WITH_NATURE_FAITH',          'MODIFIER_ALL_CITIES_ATTACH_MODIFIER',         'CITY_FOLLOWS_PANTHEON_REQUIREMENTS'),
('ONE_WITH_NATURE_FAITH_MODIFIER', 'MODIFIER_CITY_PLOT_YIELDS_ADJUST_PLOT_YIELD', 'REQUIREMENTS_ONE_WITH_NATURE');

INSERT INTO ModifierArguments (ModifierId, Name, Value) VALUES
('ONE_WITH_NATURE_FAITH', 'ModifierId', 'ONE_WITH_NATURE_FAITH_MODIFIER'),
('ONE_WITH_NATURE_FAITH_MODIFIER', 'YieldType', 'YIELD_FAITH'),
('ONE_WITH_NATURE_FAITH_MODIFIER', 'Amount',    '1');

-- Requirement: plot has a feature with a specific tag
INSERT INTO RequirementSets (RequirementSetId, RequirementSetType)		 VALUES ('REQUIREMENTS_ONE_WITH_NATURE', 'REQUIREMENTSET_TEST_ALL');
--INSERT INTO RequirementSetRequirements (RequirementSetId, RequirementId) VALUES ('REQUIREMENTS_ONE_WITH_NATURE', 'REQUIRES_PLOT_HAS_TAG_ONE_WITH_NATURE');
INSERT INTO RequirementSetRequirements (RequirementSetId, RequirementId) VALUES ('REQUIREMENTS_ONE_WITH_NATURE', 'PLOT_IS_FOREST_REQUIREMENT');
--INSERT INTO Requirements (RequirementId, RequirementType)				 VALUES ('REQUIRES_PLOT_HAS_TAG_ONE_WITH_NATURE',  'REQUIREMENT_PLOT_FEATURE_TAG_MATCHES');
--INSERT INTO RequirementArguments (RequirementId, Name, Value)			 VALUES ('REQUIRES_PLOT_HAS_TAG_ONE_WITH_NATURE',  'Tag', 'CLASS_ONE_WITH_NATURE');



--------------------------------------------------------------
-- BELIEF_SUN_GOD (new)
-- +2 Faith from Farms over Wheat or Rice

INSERT INTO Types (Type, Kind) VALUES
('BELIEF_SUN_GOD_RESOURCES', 'KIND_BELIEF');

INSERT INTO Beliefs (BeliefType, Name, Description, BeliefClassType) VALUES
('BELIEF_SUN_GOD_RESOURCES', 'LOC_BELIEF_SUN_GOD_RESOURCES_NAME', 'LOC_BELIEF_SUN_GOD_RESOURCES_DESCRIPTION', 'BELIEF_CLASS_PANTHEON');

INSERT INTO BeliefModifiers (BeliefType, ModifierId) VALUES
('BELIEF_SUN_GOD_RESOURCES', 'SUN_GOD_RESOURCES_FAITH');

INSERT INTO Modifiers(ModifierId, ModifierType, SubjectRequirementSetId) VALUES
('SUN_GOD_RESOURCES_FAITH',          'MODIFIER_ALL_CITIES_ATTACH_MODIFIER',         'CITY_FOLLOWS_PANTHEON_REQUIREMENTS'),
('SUN_GOD_RESOURCES_FAITH_MODIFIER', 'MODIFIER_CITY_PLOT_YIELDS_ADJUST_PLOT_YIELD', 'REQUIREMENTS_SUN_GOD_RESOURCES');

INSERT INTO ModifierArguments (ModifierId, Name, Value) VALUES
('SUN_GOD_RESOURCES_FAITH', 'ModifierId', 'SUN_GOD_RESOURCES_FAITH_MODIFIER'),
('SUN_GOD_RESOURCES_FAITH_MODIFIER', 'YieldType', 'YIELD_FAITH'),
('SUN_GOD_RESOURCES_FAITH_MODIFIER', 'Amount',    '2');

-- Requirement: plot has a resource with a specific tag
INSERT INTO RequirementSets (RequirementSetId, RequirementSetType)		 VALUES ('REQUIREMENTS_SUN_GOD_RESOURCES', 'REQUIREMENTSET_TEST_ALL');
INSERT INTO RequirementSetRequirements (RequirementSetId, RequirementId) VALUES ('REQUIREMENTS_SUN_GOD_RESOURCES', 'REQUIRES_PLOT_HAS_TAG_SUN_GOD');
INSERT INTO Requirements (RequirementId, RequirementType)				 VALUES ('REQUIRES_PLOT_HAS_TAG_SUN_GOD',  'REQUIREMENT_PLOT_RESOURCE_TAG_MATCHES');
INSERT INTO RequirementArguments (RequirementId, Name, Value)			 VALUES ('REQUIRES_PLOT_HAS_TAG_SUN_GOD',  'Tag', 'CLASS_SUN_GOD');


--------------------------------------------------------------
-- BELIEF_GODDESS_OF_COMMERCE
-- Goddess of Commerce:
-- +1 Trade Route Capacity. Trade Routes provide an additional +1 Gold and +1 Faith.
-- Too early? This could be BEFORE Foreign Trade possibly?
-- TR is a bit too powerful maybe?
-- MODIFIER_PLAYER_ADJUST_TRADE_ROUTE_CAPACITY is ignored (score=0)
/*
INSERT INTO Types (Type, Kind) VALUES
('BELIEF_GODDESS_OF_COMMERCE_GOLD', 'KIND_BELIEF');

INSERT INTO Beliefs (BeliefType, Name, Description, BeliefClassType) VALUES
('BELIEF_GODDESS_OF_COMMERCE_GOLD', 'LOC_BELIEF_GODDESS_OF_COMMERCE_GOLD_NAME', 'LOC_BELIEF_GODDESS_OF_COMMERCE_GOLD_DESCRIPTION', 'BELIEF_CLASS_PANTHEON');

INSERT INTO BeliefModifiers (BeliefType, ModifierId) VALUES
('BELIEF_GODDESS_OF_COMMERCE_GOLD', 'GODDESS_OF_COMMERCE_GOLD_DOM'),
('BELIEF_GODDESS_OF_COMMERCE_GOLD', 'GODDESS_OF_COMMERCE_GOLD_INT');

INSERT INTO Modifiers(ModifierId, ModifierType, SubjectRequirementSetId) VALUES
('GODDESS_OF_COMMERCE_GOLD_DOM',          'MODIFIER_ALL_CITIES_ATTACH_MODIFIER', 'CITY_FOLLOWS_PANTHEON_REQUIREMENTS'),
('GODDESS_OF_COMMERCE_GOLD_INT',          'MODIFIER_ALL_CITIES_ATTACH_MODIFIER', 'CITY_FOLLOWS_PANTHEON_REQUIREMENTS'),
('GODDESS_OF_COMMERCE_GOLD_DOM_MODIFIER', 'MODIFIER_SINGLE_CITY_ADJUST_TRADE_ROUTE_YIELD_FOR_DOMESTIC',      NULL),
('GODDESS_OF_COMMERCE_GOLD_INT_MODIFIER', 'MODIFIER_SINGLE_CITY_ADJUST_TRADE_ROUTE_YIELD_FOR_INTERNATIONAL', NULL);

INSERT INTO ModifierArguments (ModifierId, Name, Value) VALUES
('GODDESS_OF_COMMERCE_GOLD_DOM', 'ModifierId', 'GODDESS_OF_COMMERCE_GOLD_DOM_MODIFIER'),
('GODDESS_OF_COMMERCE_GOLD_INT', 'ModifierId', 'GODDESS_OF_COMMERCE_GOLD_INT_MODIFIER'),
('GODDESS_OF_COMMERCE_GOLD_DOM_MODIFIER', 'YieldType', 'YIELD_GOLD'),
('GODDESS_OF_COMMERCE_GOLD_DOM_MODIFIER', 'Amount',    '1'),
('GODDESS_OF_COMMERCE_GOLD_INT_MODIFIER', 'YieldType', 'YIELD_GOLD'),
('GODDESS_OF_COMMERCE_GOLD_INT_MODIFIER', 'Amount',    '1');


INSERT INTO Types (Type, Kind) VALUES
('BELIEF_GODDESS_OF_COMMERCE', 'KIND_BELIEF');

INSERT INTO Beliefs (BeliefType, Name, Description, BeliefClassType) VALUES
('BELIEF_GODDESS_OF_COMMERCE', 'LOC_BELIEF_GODDESS_OF_COMMERCE_NAME', 'LOC_BELIEF_GODDESS_OF_COMMERCE_DESCRIPTION', 'BELIEF_CLASS_PANTHEON');

INSERT INTO BeliefModifiers (BeliefType, ModifierId) VALUES
('BELIEF_GODDESS_OF_COMMERCE', 'GODDESS_OF_COMMERCE_ADD_TRADE_ROUTE');

INSERT INTO Modifiers(ModifierId, ModifierType, SubjectRequirementSetId) VALUES
('GODDESS_OF_COMMERCE_ADD_TRADE_ROUTE',          'MODIFIER_ALL_PLAYERS_ATTACH_MODIFIER',       'PLAYER_HAS_PANTHEON_REQUIREMENTS'),
('GODDESS_OF_COMMERCE_ADD_TRADE_ROUTE_MODIFIER', 'MODIFIER_PLAYER_ADJUST_TRADE_ROUTE_CAPACITY', NULL);

INSERT INTO ModifierArguments (ModifierId, Name, Value) VALUES
('GODDESS_OF_COMMERCE_ADD_TRADE_ROUTE',          'ModifierId', 'GODDESS_OF_COMMERCE_ADD_TRADE_ROUTE_MODIFIER'),
('GODDESS_OF_COMMERCE_ADD_TRADE_ROUTE_MODIFIER', 'Amount',     '1');
*/


--------------------------------------------------------------
-- BELIEF_SACRED_LAKES
-- Lady of the Lake ((Celtic)) / The Water Goddess / Sacred Lakes
-- +1 faith from Lake Tiles, +1 prod from Wells (oil!)


INSERT INTO Types (Type, Kind) VALUES
('BELIEF_SACRED_LAKES', 'KIND_BELIEF');

INSERT INTO Beliefs (BeliefType, Name, Description, BeliefClassType) VALUES
('BELIEF_SACRED_LAKES', 'LOC_BELIEF_SACRED_LAKES_NAME', 'LOC_BELIEF_SACRED_LAKES_DESCRIPTION', 'BELIEF_CLASS_PANTHEON');

INSERT INTO BeliefModifiers (BeliefType, ModifierId) VALUES
('BELIEF_SACRED_LAKES', 'SACRED_LAKES_FAITH');

INSERT INTO Modifiers(ModifierId, ModifierType, SubjectRequirementSetId) VALUES
('SACRED_LAKES_FAITH',          'MODIFIER_ALL_CITIES_ATTACH_MODIFIER',         'REQUIREMENTS_CITY_FOLLOWS_PANTHEON_NOT_ANCIENT'),
('SACRED_LAKES_FAITH_MODIFIER', 'MODIFIER_CITY_PLOT_YIELDS_ADJUST_PLOT_YIELD', 'REQUIREMENTS_SACRED_LAKES');

INSERT INTO ModifierArguments (ModifierId, Name, Value) VALUES
('SACRED_LAKES_FAITH', 'ModifierId', 'SACRED_LAKES_FAITH_MODIFIER'),
('SACRED_LAKES_FAITH_MODIFIER', 'YieldType', 'YIELD_FAITH'),
('SACRED_LAKES_FAITH_MODIFIER', 'Amount',    '1');

-- Requirement: plot is a lake
INSERT INTO RequirementSets (RequirementSetId, RequirementSetType)		 VALUES ('REQUIREMENTS_SACRED_LAKES', 'REQUIREMENTSET_TEST_ALL');
--INSERT INTO RequirementSetRequirements (RequirementSetId, RequirementId) VALUES ('REQUIREMENTS_SACRED_LAKES', 'REQUIRES_PLOT_IS_LAKE'); -- already exists
INSERT INTO RequirementSetRequirements (RequirementSetId, RequirementId) VALUES ('REQUIREMENTS_SACRED_LAKES', 'PLOT_IS_GRASS_HILLS_TERRAIN_REQUIREMENT'); -- already exists
--INSERT INTO RequirementSetRequirements (RequirementSetId, RequirementId) VALUES ('REQUIREMENTS_SACRED_LAKES', 'REQUIRES_ERA_IS_ANCIENT');
